city,locality,propertyType,bedrooms,bathrooms,area,propertyAge,floor,amenities_count,parking,price
Delhi,Rohini,Independent House,3,2,3592,6,19,6,0,40080000.0
Hyderabad,Banjara Hills,Commercial Property,0,1,2185,20,2,7,1,14260000.0
Bangalore,HSR Layout,Apartment,1,1,521,11,17,9,1,4050000.0
Mumbai,Worli,Independent House,4,3,3702,4,19,6,0,67160000.0
Bangalore,HSR Layout,Apartment,4,4,741,8,21,1,1,5870000.0
Delhi,Connaught Place,Apartment,3,3,3652,3,18,7,1,55250000.0
Bangalore,HSR Layout,Villa,5,6,2949,11,2,9,1,24110000.0
Delhi,Vasant Kunj,Villa,5,4,837,14,21,7,1,11590000.0
Delhi,Connaught Place,Apartment,1,1,2562,12,1,8,0,39200000.0
Chennai,Anna Nagar,Commercial Property,0,1,1662,18,17,7,0,9570000.0
Mumbai,Juhu,Villa,2,1,3599,6,9,7,1,63410000.0
Hyderabad,Jubilee Hills,Commercial Property,0,1,2070,0,3,4,0,18340000.0
Chennai,ECR,Villa,3,2,706,14,10,2,0,4730000.0
Chennai,Anna Nagar,Apartment,4,4,3032,22,7,3,0,15810000.0
Mumbai,Powai,Villa,4,4,3229,12,21,5,1,62820000.0
Delhi,Connaught Place,Villa,3,3,2538,24,7,0,0,37100000.0
Chennai,Anna Nagar,Apartment,1,2,3930,5,8,8,1,21050000.0
Mumbai,Andheri,Commercial Property,0,1,4398,21,24,8,1,77030000.0
Chennai,Velachery,Commercial Property,0,1,4378,1,3,0,0,23020000.0
Chennai,Adyar,Apartment,2,2,2767,21,23,4,1,23400000.0
Mumbai,Andheri,Apartment,4,4,2195,5,23,3,0,42660000.0
Mumbai,Bandra,Independent House,5,5,697,21,11,0,0,17630000.0
Hyderabad,Jubilee Hills,Commercial Property,0,1,2455,18,3,2,1,21010000.0
Delhi,Vasant Kunj,Apartment,2,1,2302,24,18,6,0,27450000.0
Mumbai,Worli,Commercial Property,0,1,1123,24,20,0,1,21730000.0
Delhi,Rohini,Apartment,3,4,2556,8,3,2,1,30920000.0
Delhi,Vasant Kunj,Commercial Property,0,1,2148,7,4,5,1,24360000.0
Mumbai,Bandra,Independent House,1,1,3461,13,18,1,1,86440000.0
Hyderabad,HITECH City,Commercial Property,0,1,2103,0,14,4,1,13610000.0
Mumbai,Bandra,Commercial Property,0,1,3235,11,19,5,0,77430000.0
Hyderabad,Jubilee Hills,Villa,3,4,725,20,1,0,0,6000000.0
Mumbai,Worli,Independent House,1,1,3743,13,21,5,0,70900000.0
Hyderabad,Kondapur,Apartment,5,6,3670,0,20,4,1,25280000.0
Mumbai,Andheri,Apartment,2,3,3113,2,8,7,1,58290000.0
Bangalore,Whitefield,Villa,2,2,1284,7,1,8,0,10120000.0
Hyderabad,Gachibowli,Independent House,2,3,2341,24,24,9,0,14400000.0
Hyderabad,Banjara Hills,Apartment,4,5,3018,14,2,1,1,19250000.0
Mumbai,Bandra,Villa,5,5,2861,21,17,3,1,77840000.0
Mumbai,Worli,Apartment,1,1,2095,11,12,4,0,34740000.0
Hyderabad,Banjara Hills,Villa,3,4,3483,19,16,1,1,22290000.0
Mumbai,Bandra,Commercial Property,0,1,2310,22,5,9,0,53240000.0
Chennai,Anna Nagar,Apartment,1,1,1133,0,15,1,1,6750000.0
Chennai,ECR,Apartment,1,1,1203,4,22,6,0,6710000.0
Mumbai,Juhu,Villa,1,1,1743,4,15,0,1,33930000.0
Delhi,Rohini,Commercial Property,0,1,3021,15,21,6,1,31130000.0
Hyderabad,Gachibowli,Villa,5,5,3751,9,19,9,1,25850000.0
Hyderabad,Kondapur,Commercial Property,0,1,2805,16,20,7,1,16550000.0
Delhi,Vasant Kunj,Apartment,5,6,3998,4,12,2,0,49400000.0
Bangalore,Whitefield,Commercial Property,0,1,2944,11,14,1,0,18730000.0
Mumbai,Bandra,Villa,5,5,3517,1,19,8,0,83360000.0
Hyderabad,Gachibowli,Apartment,3,2,3947,3,21,8,1,23300000.0
Chennai,Adyar,Apartment,3,3,1508,6,24,6,1,12820000.0
Delhi,Vasant Kunj,Independent House,5,6,2764,2,9,0,0,31640000.0
Chennai,ECR,Independent House,3,2,2135,11,9,2,1,12110000.0
Delhi,Connaught Place,Independent House,2,3,643,20,5,2,1,9800000.0
Mumbai,Juhu,Commercial Property,0,1,3722,15,7,4,1,73320000.0
Bangalore,Electronic City,Independent House,5,6,4414,17,15,8,1,34450000.0
Chennai,ECR,Villa,5,5,1916,17,2,4,0,10600000.0
Mumbai,Juhu,Apartment,4,3,1010,6,13,3,1,18850000.0
Mumbai,Juhu,Commercial Property,0,1,2714,9,19,6,1,49000000.0
Hyderabad,Gachibowli,Commercial Property,0,1,1581,19,8,8,0,9870000.0
Hyderabad,Banjara Hills,Villa,1,2,2031,16,24,0,1,12030000.0
Bangalore,HSR Layout,Apartment,5,4,1314,20,16,5,0,11200000.0
Hyderabad,Banjara Hills,Independent House,3,2,3973,14,9,0,1,23390000.0
Chennai,ECR,Villa,3,4,3518,11,10,7,1,20140000.0
Delhi,Rohini,Commercial Property,0,1,1871,3,8,9,1,21460000.0
Delhi,Rohini,Apartment,4,5,3049,16,9,0,0,36280000.0
Delhi,Rohini,Apartment,3,2,889,17,19,4,0,11170000.0
Bangalore,Koramangala,Independent House,5,4,3690,23,1,5,0,36940000.0
Chennai,Adyar,Apartment,2,3,1740,21,17,0,1,12270000.0
Chennai,ECR,Commercial Property,0,1,1017,16,5,4,1,6000000.0
Hyderabad,Kondapur,Apartment,2,2,582,16,21,8,1,3940000.0
Hyderabad,Kondapur,Commercial Property,0,1,948,16,8,1,1,5230000.0
Bangalore,Koramangala,Villa,3,4,3877,11,1,5,1,39340000.0
Mumbai,Bandra,Apartment,5,4,4481,1,11,2,0,105940000.0
Delhi,Dwarka,Villa,2,2,4421,14,19,1,1,49450000.0
Chennai,Anna Nagar,Villa,2,3,2628,4,4,9,1,16510000.0
Chennai,Anna Nagar,Commercial Property,0,1,3093,5,21,1,0,15950000.0
Mumbai,Powai,Independent House,1,2,3754,15,11,5,1,69760000.0
Delhi,Vasant Kunj,Independent House,3,4,592,17,19,2,0,6480000.0
Delhi,Dwarka,Apartment,5,5,4084,4,9,9,1,45410000.0
Bangalore,Electronic City,Independent House,1,1,2796,14,22,7,1,18600000.0
Hyderabad,HITECH City,Villa,4,3,2555,16,3,3,0,16200000.0
Bangalore,HSR Layout,Independent House,2,1,3213,13,24,2,0,23620000.0
Mumbai,Worli,Apartment,2,2,3353,2,19,8,0,59700000.0
Bangalore,Indiranagar,Apartment,2,2,3359,24,17,3,0,24410000.0
Mumbai,Bandra,Apartment,2,3,2775,14,22,1,0,73570000.0
Chennai,Anna Nagar,Independent House,2,1,3160,5,20,9,1,18610000.0
Mumbai,Juhu,Villa,5,4,1812,20,22,4,1,32810000.0
Delhi,Saket,Villa,1,2,3446,18,8,4,1,41840000.0
Bangalore,HSR Layout,Commercial Property,0,1,503,14,6,5,0,3410000.0
Mumbai,Bandra,Villa,3,3,1958,12,12,4,1,54830000.0
Delhi,Saket,Commercial Property,0,1,1031,16,12,0,1,11680000.0
Hyderabad,Jubilee Hills,Independent House,4,3,2526,2,1,5,1,22360000.0
Hyderabad,Gachibowli,Commercial Property,0,1,2560,7,2,3,0,14230000.0
Chennai,OMR,Apartment,3,4,2443,5,23,2,1,13190000.0
Hyderabad,Banjara Hills,Commercial Property,0,1,833,20,24,8,1,4730000.0
Mumbai,Bandra,Commercial Property,0,1,4143,7,11,8,0,98380000.0
Mumbai,Juhu,Apartment,5,6,3950,13,4,8,0,73700000.0
Bangalore,Whitefield,Apartment,1,2,1074,14,1,8,0,8440000.0
Bangalore,Electronic City,Commercial Property,0,1,3610,18,6,5,0,25710000.0
Bangalore,HSR Layout,Independent House,5,4,2535,6,4,5,0,18380000.0
Hyderabad,Jubilee Hills,Independent House,1,1,2743,21,2,9,0,24970000.0
Chennai,ECR,Independent House,4,3,2763,19,24,7,0,16030000.0
Delhi,Connaught Place,Apartment,2,3,594,18,19,3,1,9910000.0
Mumbai,Juhu,Commercial Property,0,1,3825,9,8,5,1,67660000.0
Bangalore,Whitefield,Commercial Property,0,1,2688,7,18,8,0,17210000.0
Delhi,Saket,Commercial Property,0,1,3435,4,8,9,0,38720000.0
Bangalore,Indiranagar,Villa,3,2,4033,7,9,5,0,28770000.0
Hyderabad,Kondapur,Villa,4,4,3530,24,1,5,0,20640000.0
Hyderabad,HITECH City,Apartment,1,1,4007,24,21,9,0,22280000.0
Delhi,Vasant Kunj,Villa,3,3,885,6,18,1,0,10290000.0
Mumbai,Powai,Commercial Property,0,1,1702,21,24,8,0,28470000.0
Hyderabad,HITECH City,Apartment,5,6,1502,21,18,4,0,9300000.0
Delhi,Vasant Kunj,Apartment,4,4,841,7,17,6,0,9980000.0
Mumbai,Powai,Commercial Property,0,1,3889,16,13,7,0,63880000.0
Mumbai,Andheri,Villa,4,3,2661,5,19,3,0,47300000.0
Mumbai,Andheri,Villa,3,3,2709,0,23,6,1,53360000.0
Hyderabad,HITECH City,Apartment,3,4,2990,7,22,8,0,19180000.0
Mumbai,Bandra,Commercial Property,0,1,1787,1,3,7,1,46450000.0
Mumbai,Worli,Commercial Property,0,1,681,20,14,6,1,11200000.0
Bangalore,Indiranagar,Independent House,5,6,4195,18,4,1,1,32860000.0
Hyderabad,Banjara Hills,Independent House,2,3,1909,2,23,6,1,13170000.0
Hyderabad,HITECH City,Villa,5,6,2023,21,12,7,0,14190000.0
Mumbai,Bandra,Villa,3,2,3073,8,8,1,0,76520000.0
Chennai,Adyar,Villa,4,4,941,12,2,6,0,7450000.0
Bangalore,Electronic City,Villa,4,3,3481,1,17,4,0,25530000.0
Delhi,Rohini,Villa,5,6,4396,5,8,1,1,51000000.0
Hyderabad,Gachibowli,Apartment,1,1,3528,13,2,5,0,20000000.0
Hyderabad,Banjara Hills,Independent House,2,1,648,10,8,3,0,4480000.0
Mumbai,Andheri,Independent House,5,4,2285,3,15,3,0,43260000.0
Mumbai,Bandra,Villa,3,2,2526,1,9,9,1,59870000.0
Chennai,OMR,Apartment,1,1,1438,7,10,8,0,7670000.0
Bangalore,Electronic City,Commercial Property,0,1,4049,5,2,2,0,26000000.0
Mumbai,Bandra,Apartment,1,1,4140,22,17,7,0,109230000.0
Hyderabad,HITECH City,Independent House,5,5,3523,5,8,8,1,22760000.0
Mumbai,Andheri,Apartment,5,5,546,9,16,6,0,10440000.0
Hyderabad,Gachibowli,Independent House,5,6,636,18,16,7,1,5040000.0
Hyderabad,Gachibowli,Independent House,4,5,3542,17,10,6,0,22790000.0
Mumbai,Worli,Commercial Property,0,1,1621,2,5,7,1,30960000.0
Delhi,Vasant Kunj,Commercial Property,0,1,3529,24,13,1,0,41220000.0
Bangalore,HSR Layout,Villa,2,3,1238,9,2,6,0,9290000.0
Mumbai,Powai,Independent House,4,3,1457,16,21,8,1,29420000.0
Chennai,Velachery,Villa,1,2,3930,19,5,0,1,19400000.0
Hyderabad,Gachibowli,Commercial Property,0,1,2481,4,16,0,0,16230000.0
Chennai,OMR,Apartment,4,5,2541,4,5,5,0,16270000.0
Mumbai,Juhu,Villa,1,2,3111,3,8,3,0,58010000.0
Hyderabad,Jubilee Hills,Apartment,2,3,725,24,9,0,1,6480000.0
Hyderabad,Kondapur,Villa,1,1,3670,19,17,9,0,23390000.0
Chennai,Adyar,Commercial Property,0,1,1280,23,15,8,0,10450000.0
Hyderabad,Gachibowli,Independent House,1,2,3182,8,3,8,1,21120000.0
Chennai,OMR,Apartment,3,4,3797,23,15,5,1,22300000.0
Bangalore,Koramangala,Villa,5,4,1295,4,13,0,1,13980000.0
Hyderabad,Jubilee Hills,Villa,3,3,2587,12,13,0,1,22430000.0
Delhi,Vasant Kunj,Independent House,3,2,3328,10,13,8,0,38860000.0
Mumbai,Worli,Independent House,5,6,1056,24,19,6,1,18620000.0
Mumbai,Juhu,Villa,2,2,4289,12,12,6,1,74540000.0
Mumbai,Bandra,Apartment,1,2,3413,23,13,2,1,79180000.0
Bangalore,Indiranagar,Commercial Property,0,1,4402,14,5,5,1,28850000.0
Delhi,Dwarka,Commercial Property,0,1,2739,16,12,5,0,30470000.0
Chennai,Velachery,Commercial Property,0,1,2757,17,14,3,0,13790000.0
Hyderabad,Banjara Hills,Independent House,5,6,3604,5,15,2,0,23690000.0
Bangalore,Koramangala,Villa,2,1,1015,16,3,8,0,10500000.0
Hyderabad,Kondapur,Independent House,4,4,2210,13,20,5,0,13540000.0
Chennai,Anna Nagar,Commercial Property,0,1,520,14,16,4,0,2960000.0
Mumbai,Bandra,Apartment,3,4,3828,5,15,1,0,91320000.0
Chennai,OMR,Commercial Property,0,1,1794,11,16,7,1,9460000.0
Chennai,ECR,Apartment,3,3,4133,19,7,2,0,21400000.0
Hyderabad,Banjara Hills,Villa,3,3,1026,24,14,6,0,6750000.0
Delhi,Connaught Place,Apartment,1,2,3273,21,21,4,1,53480000.0
Mumbai,Juhu,Apartment,5,5,2513,17,14,5,1,47920000.0
Chennai,OMR,Commercial Property,0,1,3996,7,11,5,0,20310000.0
Chennai,Anna Nagar,Apartment,4,3,1213,7,18,0,1,7700000.0
Chennai,ECR,Villa,1,1,2663,21,7,1,1,14770000.0
Bangalore,Koramangala,Independent House,2,2,1386,11,17,7,0,13090000.0
Mumbai,Bandra,Villa,1,2,2770,8,18,7,1,73370000.0
Delhi,Saket,Independent House,3,3,3885,21,3,8,1,45530000.0
Mumbai,Andheri,Villa,4,5,4095,12,13,2,1,72110000.0
Delhi,Rohini,Commercial Property,0,1,4202,20,23,2,1,46480000.0
Bangalore,Whitefield,Villa,5,4,1582,2,10,2,0,11680000.0
Chennai,Anna Nagar,Apartment,5,6,2477,23,20,4,1,15340000.0
Delhi,Connaught Place,Commercial Property,0,1,2212,18,9,3,1,35440000.0
Delhi,Dwarka,Independent House,2,2,794,9,19,2,1,10020000.0
Delhi,Saket,Apartment,2,1,3458,0,3,9,1,38400000.0
Bangalore,HSR Layout,Villa,2,3,2840,4,6,8,1,19150000.0
Hyderabad,HITECH City,Commercial Property,0,1,4314,5,17,8,0,25630000.0
Mumbai,Juhu,Apartment,1,1,3466,14,11,9,0,62010000.0
Bangalore,Electronic City,Villa,4,4,3932,0,5,3,1,29500000.0
Chennai,OMR,Commercial Property,0,1,2503,24,11,4,0,13800000.0
Hyderabad,HITECH City,Apartment,4,5,2242,5,12,3,1,16050000.0
Chennai,ECR,Commercial Property,0,1,3344,0,23,2,1,17450000.0
Mumbai,Juhu,Apartment,1,2,1729,11,10,3,0,31120000.0
Mumbai,Powai,Villa,2,1,3877,24,7,7,0,70340000.0
Delhi,Connaught Place,Independent House,5,5,3293,22,8,1,0,47280000.0
Hyderabad,Kondapur,Independent House,2,1,2858,22,11,9,1,17690000.0
Chennai,Velachery,Commercial Property,0,1,3291,16,12,7,0,18730000.0
Chennai,OMR,Independent House,5,4,2908,1,18,5,0,19140000.0
Chennai,OMR,Commercial Property,0,1,3132,20,13,8,0,18420000.0
Hyderabad,Banjara Hills,Villa,3,3,4053,17,13,8,0,24720000.0
Mumbai,Bandra,Commercial Property,0,1,1321,6,21,0,1,34020000.0
Hyderabad,Jubilee Hills,Commercial Property,0,1,1996,0,17,0,0,15850000.0
Bangalore,Whitefield,Independent House,2,2,3489,8,3,4,1,27340000.0
Bangalore,HSR Layout,Apartment,5,5,1164,11,5,1,1,9470000.0
Delhi,Connaught Place,Independent House,3,4,1849,13,18,4,0,28700000.0
Hyderabad,Banjara Hills,Independent House,1,2,550,14,4,4,0,3300000.0
Bangalore,Electronic City,Commercial Property,0,1,4135,13,15,2,1,27780000.0
Delhi,Dwarka,Villa,1,1,3191,24,11,6,0,37570000.0
Hyderabad,HITECH City,Villa,5,5,1451,3,20,3,1,10800000.0
Chennai,Anna Nagar,Commercial Property,0,1,1885,14,13,6,1,11140000.0
Delhi,Vasant Kunj,Villa,1,2,509,23,10,7,1,5600000.0
Bangalore,Whitefield,Apartment,4,4,3211,18,4,6,1,24930000.0
Mumbai,Worli,Villa,1,2,2789,4,15,0,0,54070000.0
Chennai,ECR,Apartment,5,6,2966,6,11,9,0,17470000.0
Hyderabad,HITECH City,Villa,1,1,1843,2,7,4,1,11390000.0
Hyderabad,HITECH City,Apartment,3,4,3851,13,19,3,1,23060000.0
Hyderabad,Banjara Hills,Commercial Property,0,1,852,3,3,8,1,5440000.0
Chennai,Anna Nagar,Apartment,1,1,1455,4,12,4,1,9150000.0
Bangalore,Whitefield,Villa,4,3,557,2,22,5,1,5770000.0
Bangalore,Indiranagar,Independent House,2,3,2321,19,8,5,1,15300000.0
Hyderabad,Kondapur,Apartment,1,2,707,9,23,0,1,4560000.0
Delhi,Saket,Commercial Property,0,1,736,22,19,7,1,8840000.0
Delhi,Vasant Kunj,Apartment,5,5,2953,17,8,6,1,31240000.0
Delhi,Connaught Place,Villa,5,5,4375,0,23,1,0,66750000.0
Hyderabad,Gachibowli,Independent House,1,1,2996,10,3,3,1,18080000.0
Delhi,Dwarka,Independent House,3,3,2690,21,5,3,1,30120000.0
Chennai,Velachery,Villa,2,1,2326,23,10,5,0,13720000.0
Delhi,Vasant Kunj,Independent House,5,6,3125,1,3,1,1,39210000.0
Bangalore,Indiranagar,Villa,1,1,3369,0,4,0,1,25890000.0
Hyderabad,Banjara Hills,Independent House,3,2,3449,24,13,4,1,19360000.0
Bangalore,HSR Layout,Apartment,4,3,2479,11,13,3,1,17560000.0
Hyderabad,Jubilee Hills,Villa,2,3,3014,18,5,2,1,25410000.0
Bangalore,Whitefield,Villa,5,6,1579,14,9,6,0,11450000.0
Hyderabad,HITECH City,Commercial Property,0,1,4065,18,7,0,1,24730000.0
Chennai,ECR,Independent House,4,3,1319,3,6,6,1,7990000.0
Delhi,Rohini,Independent House,3,3,2049,6,5,5,0,21100000.0
Bangalore,Whitefield,Apartment,5,5,4042,23,7,4,0,28140000.0
Bangalore,Koramangala,Apartment,5,4,2885,4,13,3,0,27260000.0
Delhi,Saket,Independent House,5,6,1128,3,2,3,1,14540000.0
Mumbai,Bandra,Apartment,4,3,3993,9,21,9,0,94380000.0
Chennai,OMR,Apartment,1,1,1071,15,1,9,1,5780000.0
Delhi,Rohini,Commercial Property,0,1,1258,1,8,5,1,13440000.0
Chennai,Anna Nagar,Independent House,5,6,3128,11,1,6,0,16810000.0
Chennai,Adyar,Apartment,5,6,907,2,24,0,0,8200000.0
Bangalore,HSR Layout,Independent House,4,5,1734,6,19,2,0,12860000.0
Hyderabad,Gachibowli,Villa,4,3,1746,7,8,8,0,11420000.0
Bangalore,Whitefield,Apartment,4,4,3383,13,9,8,0,24910000.0
Bangalore,Koramangala,Apartment,4,5,2011,1,22,4,1,22080000.0
Delhi,Dwarka,Independent House,2,3,2820,7,18,6,0,30840000.0
Mumbai,Worli,Villa,1,1,3337,19,20,4,1,56550000.0
Chennai,ECR,Independent House,2,2,4202,6,17,8,0,22680000.0
Hyderabad,Kondapur,Villa,4,5,755,21,22,8,1,5600000.0
Hyderabad,Gachibowli,Villa,5,4,962,19,18,2,0,7100000.0
Hyderabad,Jubilee Hills,Apartment,5,4,3243,2,22,2,0,29620000.0
Delhi,Vasant Kunj,Commercial Property,0,1,1634,7,10,9,1,19550000.0
Delhi,Rohini,Independent House,1,2,1747,9,2,8,1,20750000.0
Mumbai,Powai,Villa,1,1,1916,19,4,5,1,36470000.0
Delhi,Vasant Kunj,Villa,1,1,4008,24,20,2,0,42130000.0
Mumbai,Juhu,Villa,4,5,1904,3,20,9,1,33770000.0
Bangalore,Electronic City,Villa,5,5,2523,6,21,9,1,18070000.0
Delhi,Vasant Kunj,Apartment,4,3,3690,6,4,2,1,38390000.0
Bangalore,HSR Layout,Commercial Property,0,1,3083,1,18,2,0,19590000.0
Mumbai,Bandra,Independent House,3,3,1163,12,12,9,1,28600000.0
Delhi,Saket,Commercial Property,0,1,1239,22,17,6,0,12280000.0
Delhi,Vasant Kunj,Independent House,4,5,1826,10,22,0,0,21410000.0
Delhi,Saket,Independent House,4,5,4442,8,16,4,0,50520000.0
Bangalore,Koramangala,Independent House,5,6,4196,21,13,5,0,45710000.0
Mumbai,Juhu,Independent House,2,3,3873,18,5,4,1,74360000.0
Bangalore,Electronic City,Commercial Property,0,1,2125,3,7,6,1,16500000.0
Chennai,Anna Nagar,Villa,1,1,1185,11,20,7,0,7470000.0
Delhi,Dwarka,Villa,4,5,662,22,14,7,1,7860000.0
Bangalore,Indiranagar,Apartment,4,3,2336,3,24,3,1,19010000.0
Chennai,ECR,Commercial Property,0,1,2510,6,6,1,1,14310000.0
Delhi,Rohini,Villa,2,2,1836,4,21,1,0,21280000.0
Bangalore,Electronic City,Commercial Property,0,1,2438,18,21,8,0,15700000.0
Bangalore,Electronic City,Commercial Property,0,1,3037,24,7,5,0,21100000.0
Hyderabad,Kondapur,Villa,4,4,2590,8,7,5,0,16730000.0
Bangalore,Indiranagar,Villa,5,4,2037,21,16,8,1,14280000.0
Mumbai,Juhu,Independent House,4,5,1817,9,3,2,0,33560000.0
Hyderabad,Banjara Hills,Villa,4,4,1383,21,15,7,1,9970000.0
Delhi,Connaught Place,Villa,3,2,3548,7,17,1,0,50780000.0
Mumbai,Worli,Apartment,2,3,1273,6,20,6,0,23080000.0
Mumbai,Powai,Apartment,3,4,3051,11,10,7,1,54290000.0
Chennai,Anna Nagar,Apartment,5,6,1404,14,15,7,1,8500000.0
Delhi,Connaught Place,Villa,3,2,758,17,11,7,1,11600000.0
Chennai,ECR,Commercial Property,0,1,1112,3,6,5,0,6770000.0
Delhi,Saket,Villa,1,2,3680,22,21,4,1,41620000.0
Delhi,Connaught Place,Villa,2,3,2094,22,5,8,0,32780000.0
Chennai,Anna Nagar,Villa,2,2,3569,4,3,8,1,22300000.0
Mumbai,Worli,Commercial Property,0,1,1918,1,15,8,0,33180000.0
Mumbai,Worli,Commercial Property,0,1,1485,15,21,7,1,24710000.0
Hyderabad,Jubilee Hills,Commercial Property,0,1,540,18,15,1,1,4380000.0
Chennai,ECR,Commercial Property,0,1,3409,14,3,0,1,19440000.0
Bangalore,Koramangala,Independent House,4,5,2458,5,9,3,1,27750000.0
Mumbai,Worli,Villa,1,2,2329,14,21,2,0,40280000.0
Delhi,Connaught Place,Commercial Property,0,1,1050,8,3,1,0,17320000.0
Mumbai,Powai,Independent House,3,4,1877,23,14,5,1,36870000.0
Mumbai,Powai,Villa,3,2,780,7,24,9,1,14550000.0
Chennai,Adyar,Villa,3,4,1949,18,9,3,0,16890000.0
Chennai,Adyar,Commercial Property,0,1,1132,18,15,3,1,8080000.0
Hyderabad,Kondapur,Commercial Property,0,1,785,8,1,7,1,4810000.0
Mumbai,Juhu,Independent House,1,2,2881,8,4,3,1,55890000.0
Chennai,ECR,Villa,1,2,1778,22,16,0,1,8730000.0
Mumbai,Powai,Commercial Property,0,1,2085,20,21,4,1,39860000.0
Mumbai,Worli,Apartment,5,4,3772,8,4,2,0,63030000.0
Chennai,ECR,Independent House,4,4,4159,13,15,8,0,25830000.0
Hyderabad,Kondapur,Independent House,4,3,4240,18,4,6,0,24350000.0
Delhi,Connaught Place,Apartment,3,3,2015,1,24,1,0,33360000.0
Chennai,OMR,Villa,1,1,1279,5,8,2,1,7360000.0
Chennai,ECR,Apartment,1,2,1947,13,3,3,1,11130000.0
Hyderabad,HITECH City,Villa,1,1,1659,10,20,0,1,10030000.0
Hyderabad,HITECH City,Commercial Property,0,1,3165,10,22,8,0,20350000.0
Chennai,OMR,Apartment,5,6,4142,6,23,8,0,24250000.0
Mumbai,Powai,Independent House,5,6,4129,12,1,7,1,79260000.0
Hyderabad,Kondapur,Apartment,4,3,3811,0,13,9,0,26520000.0
Hyderabad,HITECH City,Independent House,5,6,1226,16,15,3,1,8090000.0
Delhi,Vasant Kunj,Independent House,4,4,3032,18,15,7,1,37160000.0
Delhi,Dwarka,Independent House,1,2,2293,8,10,1,0,25800000.0
Bangalore,Koramangala,Independent House,1,1,4122,2,20,5,0,42810000.0
Hyderabad,Jubilee Hills,Commercial Property,0,1,2843,1,17,8,1,24560000.0
Mumbai,Bandra,Independent House,5,6,3533,4,21,0,0,87350000.0
Chennai,Anna Nagar,Apartment,3,3,2967,2,13,6,0,16650000.0
Bangalore,HSR Layout,Commercial Property,0,1,2323,2,3,8,0,15280000.0
Mumbai,Andheri,Independent House,1,1,2135,0,24,6,1,36520000.0
Hyderabad,Banjara Hills,Apartment,1,1,3106,19,19,9,1,18550000.0
Mumbai,Powai,Independent House,3,3,2942,16,17,5,1,54840000.0
Bangalore,HSR Layout,Commercial Property,0,1,1332,3,17,1,0,8790000.0
Mumbai,Powai,Independent House,5,5,1678,13,22,9,0,28570000.0
Mumbai,Juhu,Independent House,5,5,3032,4,10,4,0,60270000.0
Delhi,Dwarka,Commercial Property,0,1,2916,12,15,3,0,31190000.0
Delhi,Rohini,Apartment,1,1,2432,1,13,5,0,29040000.0
Mumbai,Powai,Villa,2,1,4134,16,21,4,1,79810000.0
Delhi,Saket,Apartment,4,5,1803,2,13,1,0,19610000.0
Hyderabad,HITECH City,Independent House,4,4,2651,21,24,9,0,15830000.0
Hyderabad,Banjara Hills,Apartment,1,1,2711,21,19,4,1,17070000.0
Hyderabad,Banjara Hills,Villa,5,5,2942,6,5,0,1,18050000.0
Bangalore,HSR Layout,Villa,1,2,2694,15,12,3,1,19000000.0
Bangalore,HSR Layout,Villa,3,2,1739,22,15,8,0,12970000.0
Mumbai,Juhu,Villa,3,3,1103,18,15,3,0,22160000.0
Chennai,Anna Nagar,Apartment,1,1,1380,0,8,2,0,8550000.0
Mumbai,Juhu,Apartment,5,6,3267,17,22,5,0,64340000.0
Bangalore,Koramangala,Commercial Property,0,1,776,15,12,1,0,6960000.0
Chennai,Adyar,Independent House,2,2,612,7,7,6,0,5590000.0
Chennai,ECR,Apartment,5,4,2267,7,5,8,0,15020000.0
Mumbai,Andheri,Independent House,1,1,1441,13,4,5,0,25320000.0
Mumbai,Worli,Apartment,5,5,2592,18,6,1,1,43970000.0
Bangalore,Koramangala,Commercial Property,0,1,3759,1,2,9,0,38510000.0
Delhi,Dwarka,Independent House,3,4,1473,23,23,5,0,16900000.0
Chennai,OMR,Apartment,5,4,2056,18,21,2,0,12840000.0
Chennai,Velachery,Villa,4,4,2087,19,18,1,1,11560000.0
Hyderabad,Banjara Hills,Apartment,3,4,3323,17,12,6,0,19680000.0
Bangalore,Koramangala,Independent House,3,2,2239,16,15,8,0,21280000.0
Hyderabad,Gachibowli,Villa,1,2,1611,17,8,8,1,9530000.0
Chennai,ECR,Commercial Property,0,1,1132,0,11,2,0,6760000.0
Delhi,Connaught Place,Commercial Property,0,1,3458,18,13,2,0,51610000.0
Delhi,Saket,Apartment,1,1,970,0,24,6,1,10550000.0
Hyderabad,Kondapur,Independent House,5,4,1428,23,12,0,1,9770000.0
Chennai,ECR,Commercial Property,0,1,2246,11,5,9,0,12180000.0
Delhi,Vasant Kunj,Independent House,2,2,726,11,9,6,0,7980000.0
Hyderabad,Kondapur,Commercial Property,0,1,3445,15,9,8,1,20730000.0
Chennai,Anna Nagar,Apartment,5,4,661,8,24,7,0,4660000.0
Mumbai,Worli,Villa,4,3,1039,7,22,5,0,21320000.0
Delhi,Saket,Independent House,5,4,2596,21,22,9,0,28350000.0
Hyderabad,Gachibowli,Villa,5,4,3673,23,2,5,0,21240000.0
Bangalore,Whitefield,Apartment,3,4,3161,16,12,5,1,20630000.0
Mumbai,Bandra,Commercial Property,0,1,3759,5,1,3,0,99940000.0
Chennai,Anna Nagar,Villa,4,5,4073,20,10,8,1,21960000.0
Hyderabad,HITECH City,Apartment,2,3,3303,24,12,4,1,20260000.0
Delhi,Saket,Apartment,3,2,3530,24,24,7,0,38530000.0
Delhi,Saket,Apartment,1,1,3157,1,13,6,1,32270000.0
Bangalore,Indiranagar,Independent House,5,5,3902,14,22,8,0,27040000.0
Delhi,Dwarka,Apartment,2,1,1917,12,19,4,1,22230000.0
Delhi,Saket,Independent House,1,1,4258,19,6,7,1,46830000.0
Chennai,Velachery,Villa,1,1,2552,19,20,8,0,12920000.0
Chennai,Velachery,Villa,3,3,2562,20,14,4,1,14030000.0
Bangalore,Koramangala,Villa,5,6,2257,2,6,7,1,25710000.0
Delhi,Vasant Kunj,Apartment,3,2,2597,10,12,5,0,27540000.0
Mumbai,Worli,Commercial Property,0,1,3661,24,12,4,0,70990000.0
Bangalore,Koramangala,Villa,4,5,1296,1,17,4,1,15360000.0
Hyderabad,Gachibowli,Commercial Property,0,1,3923,3,15,0,0,24240000.0
Mumbai,Worli,Commercial Property,0,1,2377,21,12,8,0,38470000.0
Hyderabad,Banjara Hills,Commercial Property,0,1,3826,10,21,7,1,22380000.0
Bangalore,Whitefield,Villa,5,6,3436,2,12,9,1,24760000.0
Mumbai,Andheri,Independent House,1,1,3152,6,17,2,1,52410000.0
Mumbai,Powai,Apartment,3,3,3265,16,18,3,0,60030000.0
Mumbai,Andheri,Commercial Property,0,1,2661,0,13,3,1,43640000.0
Mumbai,Powai,Apartment,1,1,2413,0,17,5,1,45670000.0
Chennai,ECR,Commercial Property,0,1,3827,10,24,2,0,20970000.0
Bangalore,Whitefield,Independent House,5,6,3874,22,7,9,1,27850000.0
Delhi,Dwarka,Commercial Property,0,1,3301,19,13,7,0,34710000.0
Delhi,Vasant Kunj,Independent House,4,4,770,2,5,0,0,8660000.0
Mumbai,Juhu,Commercial Property,0,1,2512,23,24,9,1,42090000.0
Chennai,OMR,Independent House,5,6,3424,4,21,8,0,20750000.0
Delhi,Rohini,Apartment,2,3,2138,5,21,3,0,25880000.0
Delhi,Connaught Place,Commercial Property,0,1,2034,3,15,8,0,33290000.0
Bangalore,Koramangala,Villa,5,4,1635,18,14,8,1,16810000.0
Delhi,Rohini,Villa,5,4,771,22,10,9,1,9130000.0
Chennai,OMR,Independent House,2,2,3052,16,4,3,0,17770000.0
Hyderabad,Kondapur,Villa,1,1,1714,24,19,3,0,10960000.0
Bangalore,Whitefield,Villa,1,2,906,6,17,1,0,5910000.0
Chennai,ECR,Villa,4,3,2038,16,17,6,1,12250000.0
Mumbai,Andheri,Independent House,4,4,868,18,11,3,0,14730000.0
Bangalore,Indiranagar,Villa,2,1,1258,3,24,2,1,9570000.0
Chennai,Adyar,Apartment,1,1,2830,15,6,7,0,24050000.0
Mumbai,Powai,Commercial Property,0,1,4126,9,20,3,1,71220000.0
Mumbai,Bandra,Apartment,3,3,4355,22,19,2,1,104630000.0
Delhi,Vasant Kunj,Apartment,4,4,4136,10,5,0,1,44860000.0
Chennai,Anna Nagar,Villa,5,5,1387,0,18,8,0,9610000.0
Mumbai,Andheri,Villa,4,3,1664,19,22,6,0,28410000.0
Mumbai,Juhu,Commercial Property,0,1,2315,17,10,8,0,37580000.0
Hyderabad,Gachibowli,Apartment,2,2,4141,4,9,4,1,26640000.0
Chennai,OMR,Independent House,1,2,3566,2,10,1,0,20820000.0
Bangalore,HSR Layout,Commercial Property,0,1,2713,21,11,6,0,17540000.0
Delhi,Saket,Apartment,4,5,1095,2,15,1,1,13570000.0
Mumbai,Powai,Villa,1,1,3923,15,6,8,0,67640000.0
Delhi,Dwarka,Apartment,4,3,3142,24,10,4,0,33140000.0
Mumbai,Juhu,Independent House,4,4,2961,24,13,0,0,52470000.0
Chennai,OMR,Commercial Property,0,1,2420,9,4,8,0,13800000.0
Chennai,Velachery,Villa,3,3,1189,2,20,4,0,7900000.0
Delhi,Rohini,Independent House,1,2,4493,18,24,0,0,50580000.0
Bangalore,Koramangala,Commercial Property,0,1,4251,6,17,4,0,37960000.0
Delhi,Vasant Kunj,Apartment,5,6,1443,1,8,1,0,16170000.0
Chennai,Adyar,Commercial Property,0,1,2129,15,23,9,1,17630000.0
Mumbai,Worli,Independent House,5,5,2934,9,6,0,0,56400000.0
Mumbai,Andheri,Apartment,1,1,889,10,7,0,1,15730000.0
Hyderabad,HITECH City,Villa,3,2,3317,10,6,9,1,20760000.0
Delhi,Saket,Apartment,4,4,4437,21,11,9,0,46760000.0
Hyderabad,Jubilee Hills,Villa,4,5,3700,22,3,5,1,31350000.0
Hyderabad,Kondapur,Apartment,1,1,3407,20,18,6,0,21780000.0
Delhi,Saket,Independent House,4,3,1652,3,12,7,1,19740000.0
Hyderabad,Kondapur,Independent House,2,1,2272,22,14,6,1,14840000.0
Bangalore,Indiranagar,Villa,2,3,3395,0,17,4,0,23940000.0
Mumbai,Juhu,Independent House,1,1,2808,9,23,0,1,54360000.0
Mumbai,Bandra,Independent House,1,1,3810,4,23,3,0,96110000.0
Hyderabad,HITECH City,Independent House,5,5,984,5,12,1,1,6740000.0
Chennai,OMR,Villa,3,3,998,13,10,2,1,5690000.0
Bangalore,HSR Layout,Independent House,3,3,4482,23,8,8,0,33570000.0
Chennai,Adyar,Independent House,2,3,1501,0,18,1,0,12220000.0
Chennai,Velachery,Apartment,5,4,744,6,24,9,0,5310000.0
Hyderabad,Gachibowli,Apartment,3,4,1837,16,7,4,0,10460000.0
Chennai,Adyar,Apartment,3,2,3958,14,21,9,1,33880000.0
Delhi,Vasant Kunj,Commercial Property,0,1,3664,24,22,8,0,37120000.0
Chennai,ECR,Independent House,3,3,928,14,3,4,1,5720000.0
Bangalore,Whitefield,Commercial Property,0,1,4307,7,22,5,1,28440000.0
Delhi,Connaught Place,Commercial Property,0,1,3620,12,18,1,0,58870000.0
Delhi,Rohini,Independent House,2,1,2870,18,3,5,1,31200000.0
Mumbai,Worli,Independent House,4,5,3693,10,11,1,1,72040000.0
Chennai,Anna Nagar,Independent House,4,4,2864,23,15,8,1,17620000.0
Bangalore,Koramangala,Apartment,5,5,3354,19,17,2,0,31770000.0
Delhi,Rohini,Independent House,4,3,3442,5,17,6,0,39800000.0
Bangalore,HSR Layout,Villa,5,4,1993,9,12,9,0,16090000.0
Mumbai,Bandra,Commercial Property,0,1,1454,1,12,9,1,39040000.0
Chennai,Velachery,Villa,2,3,1357,22,18,0,1,7640000.0
Chennai,Adyar,Villa,3,3,2608,0,13,4,1,20240000.0
Mumbai,Worli,Independent House,2,3,4008,14,15,3,1,76380000.0
Delhi,Dwarka,Apartment,4,3,4111,7,1,4,0,44060000.0
Hyderabad,Kondapur,Commercial Property,0,1,2114,4,24,1,1,12330000.0
Mumbai,Juhu,Independent House,5,5,2437,1,8,0,1,47110000.0
Mumbai,Worli,Commercial Property,0,1,1456,9,3,2,0,23690000.0
Hyderabad,Kondapur,Apartment,3,4,4270,20,19,5,0,23580000.0
Delhi,Rohini,Independent House,2,1,1491,3,23,9,0,18790000.0
Hyderabad,Kondapur,Apartment,2,3,3084,3,19,1,1,17750000.0
Chennai,Anna Nagar,Commercial Property,0,1,3402,23,11,1,0,18620000.0
Mumbai,Juhu,Independent House,5,5,2423,21,17,9,1,48890000.0
Mumbai,Powai,Apartment,2,3,2090,21,18,7,0,41170000.0
Delhi,Rohini,Independent House,1,2,4082,24,9,5,1,45440000.0
Chennai,Anna Nagar,Apartment,4,4,2249,17,15,0,0,14110000.0
Bangalore,HSR Layout,Villa,1,2,3630,10,15,7,1,26870000.0
Mumbai,Worli,Commercial Property,0,1,1617,12,13,1,0,30780000.0
Bangalore,HSR Layout,Villa,2,3,3423,7,11,5,1,22370000.0
Bangalore,Indiranagar,Commercial Property,0,1,1667,13,11,6,1,12650000.0
Mumbai,Juhu,Independent House,1,2,678,19,5,9,0,12730000.0
Chennai,ECR,Villa,4,5,1832,22,12,0,0,11270000.0
Hyderabad,Jubilee Hills,Villa,3,3,2469,6,12,9,1,21830000.0
Bangalore,Koramangala,Commercial Property,0,1,3032,19,3,4,1,27610000.0
Delhi,Saket,Villa,5,5,3115,9,7,0,1,36670000.0
Delhi,Rohini,Villa,4,5,1861,5,24,7,0,19950000.0
Mumbai,Worli,Villa,5,5,1789,7,14,7,0,30290000.0
Delhi,Vasant Kunj,Apartment,2,1,1962,9,21,7,1,22170000.0
Hyderabad,HITECH City,Commercial Property,0,1,3942,11,8,0,0,21970000.0
Hyderabad,HITECH City,Commercial Property,0,1,539,19,21,1,0,2940000.0
Delhi,Connaught Place,Villa,3,4,3308,2,16,1,1,50060000.0
Delhi,Saket,Apartment,5,4,1348,16,5,5,0,16680000.0
Delhi,Dwarka,Villa,4,5,1595,24,13,5,0,18450000.0
Delhi,Rohini,Villa,3,4,1760,21,2,5,1,21690000.0
Chennai,Adyar,Villa,3,4,3647,16,5,3,0,25870000.0
Hyderabad,Gachibowli,Commercial Property,0,1,882,21,4,9,1,4890000.0
Delhi,Rohini,Apartment,4,3,4468,14,13,0,1,49810000.0
Bangalore,Whitefield,Apartment,3,3,1634,12,7,4,0,12750000.0
Hyderabad,Gachibowli,Villa,2,3,1412,6,13,1,0,9240000.0
Bangalore,Electronic City,Independent House,5,5,3208,15,23,0,1,22200000.0
Chennai,Anna Nagar,Villa,4,5,1064,22,20,0,0,6220000.0
Chennai,Anna Nagar,Independent House,3,3,4291,8,15,0,0,22270000.0
Chennai,Adyar,Villa,4,3,2654,7,10,2,0,21650000.0
Chennai,OMR,Commercial Property,0,1,1232,20,21,7,0,7190000.0
Bangalore,Electronic City,Apartment,3,3,2235,8,17,2,0,15790000.0
Chennai,ECR,Independent House,2,3,603,18,7,0,1,3640000.0
Delhi,Dwarka,Villa,5,6,3815,3,22,9,0,41690000.0
Bangalore,Electronic City,Commercial Property,0,1,3859,16,9,3,0,26420000.0
Mumbai,Andheri,Commercial Property,0,1,2273,7,24,0,1,39610000.0
Chennai,Anna Nagar,Commercial Property,0,1,3447,5,12,8,0,17940000.0
Delhi,Rohini,Apartment,2,3,1773,23,22,9,0,20880000.0
Bangalore,Whitefield,Independent House,5,6,2477,15,17,2,1,19810000.0
Delhi,Dwarka,Independent House,2,3,2898,17,20,6,1,31200000.0
Chennai,OMR,Villa,3,3,648,24,20,0,1,3570000.0
Hyderabad,HITECH City,Commercial Property,0,1,2288,14,14,3,0,13350000.0
Hyderabad,HITECH City,Villa,5,5,3172,10,16,6,1,20820000.0
Hyderabad,Banjara Hills,Independent House,3,3,2685,24,20,0,1,17480000.0
Hyderabad,Kondapur,Villa,5,4,810,4,24,5,0,5920000.0
Mumbai,Andheri,Apartment,4,5,2577,10,12,6,1,50340000.0
Hyderabad,Kondapur,Villa,4,4,1105,8,7,9,0,7470000.0
Bangalore,HSR Layout,Apartment,4,3,1962,21,8,4,0,14620000.0
Chennai,Velachery,Villa,2,1,1858,16,22,5,0,10250000.0
Chennai,OMR,Villa,2,1,1156,5,17,5,0,6590000.0
Hyderabad,Kondapur,Independent House,5,4,2962,20,24,2,1,17340000.0
Bangalore,Indiranagar,Independent House,1,1,2573,14,5,9,1,17580000.0
Mumbai,Andheri,Villa,4,3,1772,13,14,6,1,31300000.0
Mumbai,Powai,Independent House,4,5,3908,2,19,3,1,74190000.0
Bangalore,HSR Layout,Commercial Property,0,1,2928,16,7,1,0,19920000.0
Delhi,Rohini,Villa,2,2,2456,15,15,3,1,25560000.0
Delhi,Connaught Place,Apartment,2,1,1717,2,22,7,1,29960000.0
Chennai,ECR,Villa,4,5,602,9,16,2,1,4550000.0
Bangalore,Koramangala,Apartment,5,4,922,1,11,6,0,9520000.0
Bangalore,Electronic City,Villa,4,3,3466,5,10,1,0,25110000.0
Chennai,ECR,Villa,4,4,3171,23,3,9,0,19100000.0
Delhi,Connaught Place,Apartment,1,2,4472,21,24,5,0,75000000.0
Delhi,Saket,Apartment,3,3,2038,8,12,6,1,24300000.0
Chennai,Adyar,Apartment,1,2,1213,18,15,4,0,9330000.0
Chennai,Anna Nagar,Villa,5,6,3596,9,14,9,0,22060000.0
Chennai,OMR,Villa,3,3,2301,2,11,4,0,14770000.0
Chennai,Velachery,Commercial Property,0,1,1309,17,22,0,0,6630000.0
Hyderabad,Jubilee Hills,Villa,1,2,930,14,16,9,1,8090000.0
Delhi,Dwarka,Villa,3,4,2830,14,8,6,0,31030000.0
Delhi,Connaught Place,Apartment,3,2,1586,16,24,3,0,22870000.0
Bangalore,HSR Layout,Commercial Property,0,1,2384,14,12,4,1,15950000.0
Bangalore,Electronic City,Commercial Property,0,1,3864,2,15,3,0,27310000.0
Mumbai,Juhu,Villa,5,4,2574,22,20,3,0,44990000.0
Delhi,Dwarka,Villa,2,1,1449,3,13,2,0,17460000.0
Mumbai,Juhu,Commercial Property,0,1,1191,19,15,3,0,19970000.0
Mumbai,Worli,Independent House,1,1,1811,3,18,1,0,30570000.0
Mumbai,Juhu,Villa,2,1,3871,1,13,9,0,65750000.0
Delhi,Saket,Villa,3,2,2376,18,21,1,0,26020000.0
Bangalore,Koramangala,Commercial Property,0,1,2387,15,16,6,0,22990000.0
Chennai,Adyar,Independent House,5,6,1933,14,18,0,0,15760000.0
Chennai,Anna Nagar,Apartment,2,3,1909,9,24,3,1,10100000.0
Mumbai,Andheri,Independent House,3,2,3766,11,3,9,0,70010000.0
Bangalore,Indiranagar,Commercial Property,0,1,3887,21,20,5,1,28540000.0
Hyderabad,Gachibowli,Commercial Property,0,1,1307,0,13,7,0,8440000.0
Hyderabad,Kondapur,Villa,1,1,2910,8,16,1,1,17630000.0
Bangalore,HSR Layout,Commercial Property,0,1,1087,8,10,8,1,8500000.0
Delhi,Dwarka,Apartment,3,3,1422,1,14,1,0,17420000.0
Hyderabad,Banjara Hills,Commercial Property,0,1,1370,23,21,9,1,7570000.0
Bangalore,Koramangala,Commercial Property,0,1,831,21,24,5,1,8810000.0
Hyderabad,Banjara Hills,Commercial Property,0,1,1619,0,13,3,1,10910000.0
Mumbai,Juhu,Independent House,3,2,4023,20,8,2,1,72070000.0
Delhi,Vasant Kunj,Apartment,5,6,4129,14,12,0,0,45950000.0
Delhi,Dwarka,Apartment,5,6,871,22,8,0,0,10720000.0
Chennai,Anna Nagar,Independent House,5,6,4295,2,5,8,0,23130000.0
Chennai,Velachery,Apartment,5,6,4172,7,23,0,1,22420000.0
Mumbai,Powai,Apartment,2,3,4103,13,3,0,0,71470000.0
Chennai,OMR,Villa,5,5,507,15,19,0,0,3840000.0
Hyderabad,Jubilee Hills,Commercial Property,0,1,775,8,7,3,0,6460000.0
Mumbai,Juhu,Independent House,5,4,2735,24,22,3,0,51200000.0
Mumbai,Powai,Commercial Property,0,1,1357,15,19,9,0,24920000.0
Delhi,Vasant Kunj,Commercial Property,0,1,3299,6,19,6,1,33280000.0
Bangalore,Whitefield,Independent House,2,3,3846,5,14,3,1,28440000.0
Delhi,Vasant Kunj,Independent House,3,3,2466,23,7,6,0,30340000.0
Delhi,Dwarka,Villa,4,5,4134,20,5,4,1,50250000.0
Hyderabad,HITECH City,Apartment,1,1,759,10,17,6,1,4810000.0
Delhi,Vasant Kunj,Independent House,5,6,4069,10,15,8,1,49230000.0
Hyderabad,Jubilee Hills,Apartment,4,4,2881,2,17,2,1,23440000.0
Delhi,Rohini,Apartment,1,2,2905,9,15,4,1,32050000.0
Bangalore,Indiranagar,Villa,1,1,3556,8,10,9,0,25910000.0
Hyderabad,Gachibowli,Villa,3,2,3060,11,21,1,1,19930000.0
Mumbai,Andheri,Commercial Property,0,1,2618,17,9,2,1,45500000.0
Mumbai,Worli,Villa,4,5,2334,13,18,2,0,45950000.0
Delhi,Rohini,Apartment,2,3,4060,3,22,1,1,49050000.0
Delhi,Dwarka,Villa,5,6,1978,0,23,9,0,22960000.0
Delhi,Saket,Apartment,2,3,4337,4,10,0,1,51250000.0
Mumbai,Bandra,Villa,5,6,2064,0,11,4,0,54640000.0
Hyderabad,Banjara Hills,Villa,2,3,1658,10,18,5,0,11300000.0
Delhi,Saket,Independent House,2,3,1079,17,4,0,1,12820000.0
Bangalore,HSR Layout,Independent House,2,1,3050,24,21,6,0,23520000.0
Delhi,Connaught Place,Independent House,1,1,1453,12,22,4,0,23820000.0
Hyderabad,Jubilee Hills,Villa,3,4,1389,14,7,2,0,12760000.0
Hyderabad,Jubilee Hills,Villa,4,5,3865,12,19,2,1,31880000.0
Bangalore,HSR Layout,Independent House,4,5,1096,2,13,7,0,9010000.0
Mumbai,Bandra,Commercial Property,0,1,3904,20,7,6,1,104670000.0
Chennai,ECR,Commercial Property,0,1,2813,10,16,7,1,15570000.0
Bangalore,HSR Layout,Apartment,1,1,2017,15,14,8,1,14130000.0
Mumbai,Juhu,Independent House,1,1,3761,12,11,1,0,60980000.0
Chennai,Anna Nagar,Independent House,3,4,2684,7,20,0,1,14490000.0
Bangalore,Whitefield,Villa,5,4,4280,24,20,5,1,32860000.0
Bangalore,Koramangala,Independent House,5,5,674,11,15,1,0,7400000.0
Mumbai,Powai,Independent House,5,5,3297,13,22,7,0,62210000.0
Mumbai,Powai,Villa,4,5,4303,0,19,3,0,73590000.0
Hyderabad,Gachibowli,Independent House,2,3,2006,7,16,5,0,12910000.0
Delhi,Connaught Place,Commercial Property,0,1,943,12,14,7,1,15400000.0
Hyderabad,Gachibowli,Commercial Property,0,1,2444,8,1,5,0,14130000.0
Mumbai,Powai,Independent House,5,6,4229,22,15,0,0,76390000.0
Mumbai,Juhu,Commercial Property,0,1,3659,18,15,7,0,63850000.0
Bangalore,HSR Layout,Independent House,3,2,744,12,21,9,1,6400000.0
Hyderabad,HITECH City,Independent House,4,3,4329,20,17,8,1,25880000.0
Bangalore,Indiranagar,Villa,3,2,3568,5,6,1,1,23880000.0
Hyderabad,Jubilee Hills,Apartment,3,3,2483,16,20,7,0,20490000.0
Chennai,Anna Nagar,Apartment,5,4,1007,10,2,8,1,7230000.0
Mumbai,Powai,Apartment,3,2,2164,9,19,0,1,37100000.0
Bangalore,Koramangala,Apartment,5,4,4217,20,6,8,1,39880000.0
Bangalore,Koramangala,Villa,1,1,1455,23,20,8,0,12940000.0
Chennai,ECR,Apartment,2,1,771,14,3,8,1,5150000.0
Hyderabad,Banjara Hills,Independent House,2,3,4341,12,4,9,0,27870000.0
Chennai,Adyar,Commercial Property,0,1,3937,8,21,2,0,28030000.0
Hyderabad,Banjara Hills,Commercial Property,0,1,3839,4,10,7,0,24490000.0
Bangalore,HSR Layout,Independent House,5,6,4240,13,19,4,0,28660000.0
Bangalore,HSR Layout,Commercial Property,0,1,708,12,2,8,0,4980000.0
Delhi,Dwarka,Independent House,3,3,3670,17,11,5,1,43110000.0
Mumbai,Powai,Commercial Property,0,1,1393,14,16,7,0,24420000.0
Chennai,Anna Nagar,Independent House,3,4,2817,16,19,5,1,15840000.0
Mumbai,Bandra,Apartment,3,3,2255,15,20,2,1,57980000.0
Hyderabad,Kondapur,Independent House,3,3,3093,3,6,7,1,21490000.0
Hyderabad,HITECH City,Independent House,1,1,3723,10,19,1,1,23900000.0
Hyderabad,Jubilee Hills,Villa,5,5,1707,6,8,2,1,15030000.0
Mumbai,Bandra,Apartment,1,1,690,7,24,5,1,18310000.0
Mumbai,Juhu,Commercial Property,0,1,2830,0,16,5,0,50000000.0
Chennai,Adyar,Independent House,2,1,1189,3,5,8,0,10190000.0
Mumbai,Juhu,Commercial Property,0,1,871,14,3,3,1,16160000.0
Hyderabad,Kondapur,Independent House,1,2,2373,17,22,1,0,12900000.0
Mumbai,Andheri,Commercial Property,0,1,4347,14,3,8,1,82770000.0
Hyderabad,Banjara Hills,Apartment,5,4,1045,14,12,8,0,7600000.0
Hyderabad,Kondapur,Apartment,3,3,2933,16,5,8,1,18610000.0
Delhi,Rohini,Apartment,5,5,2838,4,16,1,1,33700000.0
Mumbai,Bandra,Commercial Property,0,1,3050,1,4,4,0,74270000.0
Chennai,OMR,Apartment,5,6,2140,4,8,8,0,14280000.0
Bangalore,Indiranagar,Independent House,4,4,3379,21,22,1,0,25400000.0
Mumbai,Bandra,Villa,1,2,2644,0,24,3,1,63710000.0
Mumbai,Powai,Independent House,1,1,1628,22,4,5,1,27830000.0
Bangalore,Koramangala,Commercial Property,0,1,2560,23,18,5,0,25950000.0
Mumbai,Juhu,Villa,1,2,3205,22,22,2,1,60850000.0
Bangalore,HSR Layout,Independent House,2,2,4346,7,6,5,1,31390000.0
Chennai,Anna Nagar,Villa,3,2,3464,13,9,9,0,18420000.0
Delhi,Saket,Villa,1,1,740,16,24,6,0,8170000.0
Chennai,Anna Nagar,Independent House,5,5,958,19,19,8,1,6080000.0
Bangalore,Koramangala,Apartment,1,2,1633,23,22,2,1,15240000.0
Chennai,Anna Nagar,Villa,3,3,2416,0,20,4,0,13150000.0
Chennai,Adyar,Apartment,3,2,2472,15,12,5,1,18670000.0
Delhi,Vasant Kunj,Commercial Property,0,1,2227,10,17,8,0,26560000.0
Delhi,Rohini,Independent House,4,5,3733,13,13,3,1,42410000.0
Mumbai,Andheri,Villa,2,1,1604,4,12,5,1,31090000.0
Delhi,Vasant Kunj,Villa,5,5,1721,18,18,5,0,18730000.0
Bangalore,Electronic City,Independent House,4,5,3341,0,15,3,0,26270000.0
Mumbai,Bandra,Apartment,5,5,2090,0,16,6,1,53080000.0
Hyderabad,Gachibowli,Independent House,3,4,2960,1,1,8,0,20460000.0
Mumbai,Andheri,Commercial Property,0,1,3141,10,7,8,0,57390000.0
Delhi,Dwarka,Independent House,2,2,1169,3,21,0,0,12480000.0
Bangalore,Whitefield,Commercial Property,0,1,2579,14,17,1,1,16760000.0
Delhi,Dwarka,Independent House,5,6,4172,22,22,9,0,50370000.0
Chennai,ECR,Commercial Property,0,1,3688,5,9,7,1,19450000.0
Chennai,OMR,Commercial Property,0,1,1324,1,24,8,1,8470000.0
Hyderabad,Gachibowli,Commercial Property,0,1,667,10,21,4,1,4420000.0
Bangalore,Electronic City,Apartment,2,2,995,19,5,1,0,6860000.0
Chennai,ECR,Independent House,4,4,3566,19,24,7,0,22050000.0
Chennai,ECR,Independent House,3,4,3535,4,23,2,1,22050000.0
Chennai,Velachery,Villa,4,3,2885,20,3,1,0,17760000.0
Chennai,Anna Nagar,Apartment,4,3,4267,2,11,0,0,26040000.0
Delhi,Connaught Place,Apartment,4,3,3369,0,17,8,1,48760000.0
Bangalore,Electronic City,Independent House,4,4,2435,19,16,6,0,16870000.0
Bangalore,Koramangala,Villa,1,1,3692,12,20,2,1,36610000.0
Bangalore,Whitefield,Villa,4,4,2084,11,12,0,0,15680000.0
Bangalore,HSR Layout,Villa,5,5,3293,8,23,6,0,26060000.0
Delhi,Dwarka,Commercial Property,0,1,3105,2,23,7,1,37070000.0
Mumbai,Andheri,Commercial Property,0,1,737,5,13,3,1,12390000.0
Delhi,Saket,Villa,5,6,1594,15,19,5,1,20200000.0
Mumbai,Juhu,Commercial Property,0,1,942,4,11,2,1,17930000.0
Hyderabad,Kondapur,Apartment,3,2,2489,16,21,7,0,16690000.0
Bangalore,Electronic City,Independent House,2,2,863,22,14,1,0,6430000.0
Chennai,OMR,Independent House,3,2,3327,6,4,9,0,20150000.0
Hyderabad,HITECH City,Commercial Property,0,1,2744,18,2,0,1,16460000.0
Hyderabad,Jubilee Hills,Independent House,1,2,3199,8,2,7,1,26510000.0
Hyderabad,Banjara Hills,Villa,5,4,1373,11,14,5,1,9180000.0
Hyderabad,Banjara Hills,Villa,4,5,634,8,1,9,1,5550000.0
Hyderabad,Banjara Hills,Villa,4,4,3946,5,17,2,1,22630000.0
Mumbai,Andheri,Commercial Property,0,1,1771,5,21,8,1,32030000.0
Chennai,Adyar,Villa,4,3,1255,11,16,9,0,10310000.0
Chennai,Anna Nagar,Villa,2,2,524,10,23,1,0,2900000.0
Hyderabad,HITECH City,Apartment,2,2,3234,0,5,1,1,19900000.0
Bangalore,Electronic City,Villa,2,2,4337,23,8,4,1,30050000.0
Chennai,Adyar,Villa,2,2,3735,0,15,7,0,28340000.0
Mumbai,Andheri,Apartment,3,3,1802,21,16,0,1,35600000.0
Hyderabad,HITECH City,Commercial Property,0,1,556,15,5,9,1,3250000.0
Mumbai,Juhu,Independent House,2,3,3245,11,2,1,0,62920000.0
Delhi,Dwarka,Independent House,5,6,781,23,12,6,1,10190000.0
Chennai,ECR,Apartment,5,6,3901,19,13,8,0,21800000.0
Bangalore,HSR Layout,Commercial Property,0,1,754,14,16,3,0,4950000.0
Delhi,Saket,Commercial Property,0,1,3504,4,23,4,1,36870000.0
Chennai,Adyar,Independent House,5,6,3182,15,4,7,1,27470000.0
Bangalore,Indiranagar,Commercial Property,0,1,856,15,1,8,1,6050000.0
Delhi,Connaught Place,Commercial Property,0,1,696,1,14,1,0,10630000.0
Hyderabad,Gachibowli,Villa,3,3,921,3,21,0,0,6450000.0
Hyderabad,Jubilee Hills,Villa,3,2,1154,5,15,4,0,10280000.0
Mumbai,Andheri,Commercial Property,0,1,2551,17,16,7,1,50380000.0
Delhi,Dwarka,Commercial Property,0,1,3510,8,21,1,0,41900000.0
Chennai,Velachery,Apartment,4,3,3996,12,18,9,1,21220000.0
Hyderabad,Gachibowli,Villa,1,2,3411,16,16,7,0,20990000.0
Bangalore,Indiranagar,Villa,4,3,2606,8,4,6,0,17440000.0
Mumbai,Powai,Villa,1,1,3651,24,15,3,1,65340000.0
Delhi,Connaught Place,Independent House,1,1,1637,24,18,6,1,23130000.0
Hyderabad,Banjara Hills,Independent House,4,5,4269,22,22,4,1,24060000.0
Delhi,Rohini,Apartment,1,1,2584,12,19,1,1,26450000.0
Delhi,Connaught Place,Commercial Property,0,1,864,11,7,8,1,12430000.0
Mumbai,Andheri,Villa,5,6,1277,9,9,6,0,24070000.0
Bangalore,Whitefield,Commercial Property,0,1,3976,7,1,0,0,28410000.0
Hyderabad,HITECH City,Apartment,1,1,3629,24,20,7,1,21740000.0
Mumbai,Worli,Villa,1,1,2369,23,1,0,1,42270000.0
Bangalore,Indiranagar,Apartment,2,3,2056,15,24,6,1,14830000.0
Chennai,Anna Nagar,Apartment,5,5,2466,5,19,0,0,14950000.0
Bangalore,Electronic City,Independent House,1,2,1676,12,6,6,1,11690000.0
Hyderabad,Gachibowli,Apartment,3,2,3520,16,23,8,0,22420000.0
Mumbai,Powai,Commercial Property,0,1,3689,9,10,3,0,59880000.0
Bangalore,HSR Layout,Independent House,1,1,922,17,21,5,0,6190000.0
Delhi,Rohini,Commercial Property,0,1,4492,4,12,3,1,45240000.0
Delhi,Saket,Commercial Property,0,1,2360,17,10,8,0,26510000.0
Chennai,Adyar,Independent House,1,1,3906,8,15,7,1,32430000.0
Mumbai,Powai,Apartment,4,3,3272,16,13,0,1,56790000.0
Mumbai,Worli,Villa,2,2,4499,17,7,0,0,76910000.0
Bangalore,HSR Layout,Villa,4,4,2478,8,9,7,0,18860000.0
Bangalore,Electronic City,Villa,4,4,1527,6,20,8,1,11660000.0
Mumbai,Worli,Apartment,4,5,587,24,1,6,0,10250000.0
Bangalore,Electronic City,Commercial Property,0,1,3357,5,12,6,1,25160000.0
Delhi,Dwarka,Apartment,4,5,817,8,19,6,0,10440000.0
Bangalore,Electronic City,Villa,3,3,917,11,15,5,1,7170000.0
Mumbai,Powai,Villa,2,3,2102,11,16,0,0,36190000.0
Bangalore,HSR Layout,Villa,1,1,4294,4,10,8,0,30660000.0
Hyderabad,Banjara Hills,Commercial Property,0,1,2006,2,4,8,0,11320000.0
Mumbai,Worli,Apartment,5,5,1345,12,6,0,1,24360000.0
Mumbai,Bandra,Apartment,2,1,4160,19,2,3,1,109220000.0
Bangalore,Whitefield,Independent House,3,4,4015,11,24,4,1,30970000.0
Hyderabad,HITECH City,Apartment,5,4,3839,12,24,9,0,23930000.0
Hyderabad,Jubilee Hills,Independent House,5,5,1022,6,21,7,1,10450000.0
Bangalore,Whitefield,Commercial Property,0,1,4158,12,7,1,1,27160000.0
Delhi,Vasant Kunj,Villa,2,1,2943,6,7,0,0,35130000.0
Hyderabad,Jubilee Hills,Villa,2,2,2375,24,15,0,0,19850000.0
Chennai,Anna Nagar,Apartment,2,3,2680,6,18,5,1,14190000.0
Mumbai,Andheri,Independent House,2,3,3235,11,18,6,0,54090000.0
Mumbai,Andheri,Commercial Property,0,1,2897,12,9,4,0,51380000.0
Hyderabad,Banjara Hills,Commercial Property,0,1,2382,12,7,9,0,13750000.0
Hyderabad,Banjara Hills,Villa,5,6,723,15,19,8,1,5500000.0
Hyderabad,Gachibowli,Independent House,4,4,3574,23,20,0,1,22890000.0
Mumbai,Bandra,Apartment,2,3,3735,10,15,1,0,97200000.0
Mumbai,Powai,Independent House,4,5,3444,24,11,5,1,57010000.0
Mumbai,Andheri,Villa,4,3,3507,9,5,8,1,63980000.0
Hyderabad,Gachibowli,Villa,4,4,2632,16,15,5,1,16320000.0
Bangalore,Electronic City,Villa,2,1,2504,12,6,9,1,17750000.0
Mumbai,Bandra,Commercial Property,0,1,758,19,15,7,1,18970000.0
Hyderabad,Gachibowli,Villa,3,3,3661,5,14,8,0,22310000.0
Chennai,ECR,Independent House,5,6,1513,20,24,3,1,10020000.0
Bangalore,Indiranagar,Apartment,1,2,4177,9,22,3,1,27730000.0
Hyderabad,HITECH City,Commercial Property,0,1,1347,5,16,5,0,8730000.0
Chennai,OMR,Apartment,1,2,1102,23,13,9,0,6480000.0
Mumbai,Worli,Commercial Property,0,1,1744,4,10,6,1,30810000.0
Mumbai,Andheri,Villa,2,1,3644,20,1,6,1,66210000.0
Chennai,ECR,Independent House,5,5,3897,20,2,9,1,23510000.0
Bangalore,HSR Layout,Villa,5,6,1035,15,20,0,0,7820000.0
Chennai,ECR,Commercial Property,0,1,4049,8,15,2,1,23550000.0
Delhi,Rohini,Villa,5,4,3083,9,3,7,1,33470000.0
Mumbai,Bandra,Independent House,1,1,2302,0,15,9,0,63540000.0
Hyderabad,Jubilee Hills,Apartment,2,3,1477,1,7,8,1,12240000.0
Mumbai,Powai,Commercial Property,0,1,2596,0,5,1,0,47840000.0
Delhi,Connaught Place,Villa,5,4,3572,23,3,5,1,52090000.0
Chennai,Velachery,Independent House,1,1,2163,18,22,7,0,12610000.0
Hyderabad,Kondapur,Commercial Property,0,1,4037,17,16,8,1,24530000.0
Hyderabad,Banjara Hills,Commercial Property,0,1,2082,6,22,9,0,12620000.0
Delhi,Saket,Apartment,1,1,3061,19,16,0,0,31620000.0
Bangalore,Whitefield,Commercial Property,0,1,1254,8,19,4,1,8720000.0
Delhi,Rohini,Independent House,4,5,3960,16,10,9,0,41710000.0
Hyderabad,Gachibowli,Apartment,1,1,599,17,9,8,0,3920000.0
Chennai,Velachery,Apartment,5,5,1253,24,17,6,1,8690000.0
Mumbai,Powai,Villa,2,2,1952,9,18,9,0,33550000.0
Chennai,OMR,Villa,5,6,4033,0,20,4,1,23800000.0
Delhi,Rohini,Villa,5,6,1056,8,10,0,1,12870000.0
Bangalore,HSR Layout,Apartment,3,3,3244,8,2,2,1,23580000.0
Mumbai,Juhu,Independent House,4,5,2858,22,9,1,0,48240000.0
Delhi,Connaught Place,Independent House,2,2,4416,13,5,9,1,71650000.0
Mumbai,Bandra,Villa,5,5,3642,5,22,6,0,102450000.0
Bangalore,Indiranagar,Villa,5,5,1310,16,10,0,1,10380000.0
Bangalore,Koramangala,Villa,5,5,1055,21,21,1,0,11640000.0
Delhi,Dwarka,Apartment,1,2,3847,7,19,4,0,44830000.0
Mumbai,Powai,Commercial Property,0,1,2574,18,18,9,0,45620000.0
Chennai,OMR,Independent House,5,6,4180,14,16,6,0,24620000.0
Delhi,Rohini,Villa,4,3,3512,16,5,5,0,42380000.0
Chennai,Adyar,Independent House,1,2,517,17,21,9,1,4580000.0
Chennai,Velachery,Commercial Property,0,1,1252,5,2,0,1,7330000.0
Bangalore,Koramangala,Independent House,1,1,2308,22,6,5,1,24770000.0
Delhi,Saket,Villa,3,4,1443,6,8,1,0,16930000.0
Chennai,Velachery,Apartment,3,2,578,19,2,8,0,4190000.0
Bangalore,Koramangala,Independent House,3,4,3179,5,23,0,0,29300000.0
Chennai,Anna Nagar,Commercial Property,0,1,1334,10,4,4,0,7540000.0
Hyderabad,Gachibowli,Commercial Property,0,1,3868,1,5,7,0,23690000.0
Mumbai,Andheri,Villa,5,6,3043,21,15,9,0,50570000.0
Bangalore,Indiranagar,Commercial Property,0,1,1269,23,23,1,1,9120000.0
Bangalore,Electronic City,Independent House,2,2,4339,24,16,0,0,31010000.0
Bangalore,Koramangala,Apartment,5,4,1332,20,10,5,0,14820000.0
Delhi,Connaught Place,Apartment,1,2,878,7,20,2,1,14710000.0
Bangalore,Electronic City,Apartment,5,6,1592,2,17,1,1,13710000.0
Hyderabad,Jubilee Hills,Commercial Property,0,1,4094,22,2,7,0,30870000.0
Bangalore,Electronic City,Apartment,2,1,3239,12,21,3,0,24490000.0
Delhi,Dwarka,Apartment,2,1,3475,5,9,8,0,40160000.0
Mumbai,Juhu,Apartment,3,2,1324,18,3,4,1,25100000.0
Hyderabad,HITECH City,Independent House,3,2,3015,4,24,7,1,20650000.0
Bangalore,HSR Layout,Commercial Property,0,1,3431,11,13,9,0,26430000.0
Delhi,Vasant Kunj,Commercial Property,0,1,3018,17,13,1,0,31070000.0
Hyderabad,HITECH City,Villa,2,1,645,6,4,9,0,4320000.0
Mumbai,Andheri,Villa,5,6,3304,13,15,0,0,64200000.0
Chennai,OMR,Independent House,1,1,2945,19,19,4,0,15660000.0
Bangalore,Indiranagar,Independent House,2,1,1428,21,17,2,0,10890000.0
Hyderabad,Gachibowli,Commercial Property,0,1,4279,9,10,7,0,23770000.0
Bangalore,Electronic City,Apartment,1,2,1795,2,16,7,1,12880000.0
Chennai,ECR,Villa,3,2,1811,8,6,7,0,11420000.0
Bangalore,Indiranagar,Commercial Property,0,1,1328,5,3,3,1,9070000.0
Chennai,ECR,Villa,5,5,3490,14,13,9,0,19300000.0
Bangalore,Whitefield,Independent House,5,5,2259,16,14,7,1,15730000.0
Hyderabad,Jubilee Hills,Apartment,3,3,4449,17,5,9,0,39360000.0
Delhi,Dwarka,Villa,3,3,2600,2,11,0,1,30060000.0
Mumbai,Worli,Independent House,3,2,3224,14,18,9,1,53340000.0
Delhi,Connaught Place,Villa,2,2,4362,18,11,7,1,62420000.0
Hyderabad,Jubilee Hills,Apartment,2,3,3569,17,14,5,1,31220000.0
Mumbai,Powai,Independent House,4,5,2216,6,14,7,1,42720000.0
Chennai,ECR,Villa,3,4,1734,15,22,4,1,11130000.0
Bangalore,Electronic City,Apartment,4,4,2491,8,19,2,0,18890000.0
Bangalore,Indiranagar,Commercial Property,0,1,3300,16,11,1,1,23020000.0
Mumbai,Worli,Commercial Property,0,1,2357,1,15,6,0,40230000.0
Delhi,Connaught Place,Villa,1,1,3897,18,24,5,0,55810000.0
Hyderabad,Gachibowli,Commercial Property,0,1,1474,10,22,5,1,8530000.0
Delhi,Connaught Place,Apartment,3,4,2442,20,2,5,1,35120000.0
Hyderabad,Gachibowli,Commercial Property,0,1,4293,13,18,7,1,25910000.0
Hyderabad,Kondapur,Commercial Property,0,1,2647,4,1,0,1,14830000.0
Bangalore,Indiranagar,Apartment,2,3,3186,7,7,6,1,20990000.0
Hyderabad,Gachibowli,Villa,4,4,2501,11,16,8,0,16110000.0
Hyderabad,Jubilee Hills,Commercial Property,0,1,2914,9,20,2,1,23790000.0
Mumbai,Juhu,Independent House,2,2,902,8,16,2,1,15680000.0
Hyderabad,Gachibowli,Apartment,4,4,4191,24,19,6,0,24750000.0
Mumbai,Andheri,Independent House,4,5,3718,20,15,0,1,62440000.0
Mumbai,Juhu,Apartment,2,3,1955,1,12,5,1,33160000.0
Delhi,Rohini,Independent House,2,1,3938,1,1,9,1,48490000.0
Hyderabad,Banjara Hills,Apartment,4,5,3675,12,19,0,0,22220000.0
Hyderabad,HITECH City,Villa,1,1,4181,8,24,6,0,27800000.0
Hyderabad,Banjara Hills,Villa,1,2,1263,22,14,7,1,7480000.0
Mumbai,Powai,Independent House,1,1,537,7,22,4,0,8970000.0
Bangalore,HSR Layout,Independent House,1,1,4258,13,20,5,1,29020000.0
Chennai,Anna Nagar,Apartment,5,4,904,20,5,9,1,6470000.0
Chennai,ECR,Apartment,4,3,2786,13,8,9,0,17930000.0
Mumbai,Powai,Commercial Property,0,1,1420,16,17,8,0,24980000.0
Delhi,Rohini,Villa,1,1,3447,11,24,2,0,39300000.0
Mumbai,Worli,Commercial Property,0,1,521,10,24,0,1,9670000.0
Mumbai,Worli,Independent House,3,4,730,9,16,9,1,15560000.0
Bangalore,Electronic City,Apartment,4,3,3211,11,17,1,0,23850000.0
Bangalore,HSR Layout,Commercial Property,0,1,2178,7,15,0,1,16490000.0
Hyderabad,HITECH City,Independent House,3,2,1856,22,21,4,1,10640000.0
Hyderabad,Kondapur,Commercial Property,0,1,2380,18,3,6,0,14490000.0
Mumbai,Juhu,Independent House,5,6,3557,21,8,0,1,68150000.0
Chennai,Velachery,Commercial Property,0,1,1905,15,8,6,1,11310000.0
Chennai,Adyar,Villa,5,5,2567,15,17,2,1,20180000.0
Hyderabad,Kondapur,Apartment,4,4,4498,11,12,6,0,25920000.0
Bangalore,HSR Layout,Commercial Property,0,1,3674,17,15,5,1,27680000.0
Delhi,Saket,Villa,1,1,709,15,8,8,1,8210000.0
Delhi,Saket,Villa,1,1,1103,5,20,4,0,11500000.0
Mumbai,Juhu,Commercial Property,0,1,3617,21,8,3,0,60820000.0
Hyderabad,Gachibowli,Villa,3,3,1627,0,22,1,1,11780000.0
Chennai,OMR,Apartment,3,4,3783,1,17,0,0,20530000.0
Delhi,Dwarka,Apartment,4,5,942,16,4,6,1,12150000.0
Mumbai,Bandra,Villa,2,1,4228,7,8,5,1,99270000.0
Mumbai,Powai,Villa,5,6,3891,18,15,5,1,71110000.0
Bangalore,HSR Layout,Commercial Property,0,1,1818,16,17,9,0,12550000.0
Chennai,OMR,Commercial Property,0,1,792,19,24,6,0,3880000.0
Bangalore,Indiranagar,Apartment,1,2,1389,23,11,8,1,10260000.0
Delhi,Connaught Place,Commercial Property,0,1,3200,22,19,9,0,44780000.0
Chennai,Anna Nagar,Villa,3,4,3536,12,2,6,0,20350000.0
Bangalore,HSR Layout,Independent House,5,5,1520,15,7,4,0,12250000.0
Delhi,Saket,Independent House,5,4,3509,8,11,7,1,36210000.0
Chennai,Adyar,Villa,3,2,3422,6,2,2,1,25500000.0
Chennai,OMR,Apartment,5,5,3002,8,1,0,0,16650000.0
Bangalore,HSR Layout,Independent House,1,1,1856,4,20,0,1,12650000.0
Chennai,Adyar,Apartment,5,4,3469,20,17,5,0,25960000.0
Hyderabad,Banjara Hills,Commercial Property,0,1,999,20,13,5,0,5560000.0
Bangalore,HSR Layout,Apartment,4,3,648,13,16,7,1,5570000.0
Mumbai,Bandra,Independent House,1,1,1602,21,10,1,1,39570000.0
Mumbai,Juhu,Apartment,5,5,1088,24,14,7,0,20110000.0
Chennai,Adyar,Commercial Property,0,1,3009,11,12,0,1,23200000.0
Chennai,Anna Nagar,Commercial Property,0,1,4268,24,2,9,1,21730000.0
Delhi,Connaught Place,Independent House,3,3,2796,12,5,5,0,40270000.0
Chennai,OMR,Apartment,2,3,4299,15,6,5,1,25520000.0
Chennai,Anna Nagar,Villa,4,4,3263,5,11,9,1,20200000.0
Mumbai,Worli,Commercial Property,0,1,2324,12,18,8,1,38460000.0
Chennai,ECR,Apartment,2,2,3801,14,3,5,0,19560000.0
Mumbai,Juhu,Commercial Property,0,1,1945,14,18,1,0,32610000.0
Bangalore,HSR Layout,Apartment,2,2,1566,6,6,9,0,11280000.0
Bangalore,Indiranagar,Independent House,2,1,3719,22,21,7,1,25590000.0
Delhi,Dwarka,Apartment,1,1,3863,4,11,7,1,39970000.0
Hyderabad,Kondapur,Commercial Property,0,1,4109,1,16,5,1,26910000.0
Mumbai,Powai,Independent House,3,2,3736,16,22,6,1,66030000.0
Mumbai,Powai,Commercial Property,0,1,3758,9,14,9,1,65080000.0
Bangalore,Koramangala,Independent House,1,1,3181,9,2,0,1,28370000.0
Delhi,Saket,Apartment,2,2,4132,0,9,3,0,43750000.0
Delhi,Rohini,Commercial Property,0,1,604,21,18,9,0,5930000.0
Mumbai,Juhu,Commercial Property,0,1,870,4,7,2,1,15580000.0
Chennai,Velachery,Villa,5,4,3220,1,15,3,1,18170000.0
Chennai,Velachery,Commercial Property,0,1,3191,12,13,1,0,16390000.0
Bangalore,Indiranagar,Villa,3,2,3087,2,7,9,0,24500000.0
Chennai,Anna Nagar,Independent House,3,2,2360,8,22,8,0,12780000.0
Delhi,Vasant Kunj,Independent House,1,1,4458,1,9,0,0,45910000.0
Hyderabad,Gachibowli,Apartment,5,5,513,3,4,4,0,4240000.0
Delhi,Rohini,Commercial Property,0,1,3779,21,12,2,1,38460000.0
Hyderabad,Kondapur,Independent House,2,2,1629,6,18,0,0,10230000.0
Delhi,Connaught Place,Apartment,4,4,3914,8,2,0,1,60130000.0
Bangalore,HSR Layout,Apartment,5,4,1656,15,15,0,1,13780000.0
Hyderabad,Jubilee Hills,Apartment,1,1,3456,13,11,9,1,29340000.0
Mumbai,Bandra,Independent House,1,1,3067,20,13,1,0,70920000.0
Chennai,Adyar,Commercial Property,0,1,3701,4,1,3,1,31180000.0
Chennai,Adyar,Apartment,4,4,1301,10,10,5,1,10570000.0
Bangalore,Koramangala,Commercial Property,0,1,2280,7,16,1,0,21720000.0
Delhi,Dwarka,Villa,5,5,2694,14,6,4,0,33610000.0
Hyderabad,Gachibowli,Apartment,2,2,1877,8,14,2,0,11470000.0
Delhi,Rohini,Apartment,4,4,2146,15,7,0,0,25590000.0
Chennai,ECR,Independent House,1,2,1651,6,24,5,0,10290000.0
Bangalore,Koramangala,Apartment,4,5,1570,12,2,1,1,15150000.0
Hyderabad,Jubilee Hills,Apartment,5,6,2632,21,2,7,0,22880000.0
Bangalore,Koramangala,Commercial Property,0,1,2652,0,9,9,0,26630000.0
Bangalore,Whitefield,Villa,4,3,3460,15,3,1,0,24700000.0
Mumbai,Juhu,Villa,4,5,1793,1,17,5,0,35550000.0
Bangalore,Koramangala,Commercial Property,0,1,1937,24,19,7,1,19370000.0
Mumbai,Powai,Commercial Property,0,1,1353,16,4,0,1,25800000.0
Hyderabad,Banjara Hills,Apartment,3,4,1576,14,14,3,1,10510000.0
Delhi,Connaught Place,Commercial Property,0,1,2760,19,20,3,0,38290000.0
Chennai,Anna Nagar,Commercial Property,0,1,576,15,6,9,0,3250000.0
Bangalore,Whitefield,Commercial Property,0,1,3428,12,13,9,1,25590000.0
Bangalore,Electronic City,Villa,1,1,641,15,20,0,0,4700000.0
Hyderabad,Jubilee Hills,Independent House,2,1,1747,10,8,3,0,14980000.0
Delhi,Saket,Apartment,1,2,1457,10,17,2,1,15950000.0
Mumbai,Worli,Independent House,2,3,3151,22,14,0,0,58490000.0
Delhi,Dwarka,Villa,1,1,1439,10,20,5,1,14730000.0
Bangalore,HSR Layout,Apartment,1,1,2620,1,23,4,0,17040000.0
Hyderabad,Banjara Hills,Apartment,1,1,1654,5,22,3,1,10150000.0
Bangalore,Whitefield,Villa,1,2,3170,0,11,0,0,23640000.0
Chennai,ECR,Independent House,3,4,3416,22,12,3,0,18180000.0
Bangalore,Indiranagar,Independent House,2,2,3594,22,21,8,0,23360000.0
Mumbai,Worli,Apartment,4,3,3973,18,9,7,0,72320000.0
Mumbai,Worli,Villa,4,3,1163,3,19,8,1,21330000.0
Chennai,ECR,Commercial Property,0,1,4223,17,12,4,0,23750000.0
Delhi,Rohini,Apartment,3,2,625,17,3,3,1,6780000.0
Chennai,OMR,Apartment,3,2,888,8,3,2,0,5280000.0
Bangalore,Indiranagar,Villa,1,1,2221,24,16,9,0,16200000.0
Hyderabad,Jubilee Hills,Commercial Property,0,1,4469,9,3,6,0,33950000.0
Delhi,Rohini,Villa,5,4,823,0,17,9,0,9700000.0
Delhi,Rohini,Commercial Property,0,1,1903,18,24,7,0,21330000.0
Bangalore,Indiranagar,Independent House,4,3,1575,0,17,9,0,12030000.0
Hyderabad,Gachibowli,Independent House,1,1,3675,11,21,6,1,21090000.0
Bangalore,Indiranagar,Villa,2,1,794,4,23,2,1,6440000.0
Hyderabad,Banjara Hills,Apartment,4,5,2940,6,10,6,0,19820000.0
Delhi,Saket,Villa,2,2,3220,15,22,0,0,34300000.0
Mumbai,Andheri,Independent House,2,2,2107,5,7,6,1,34920000.0
Mumbai,Bandra,Apartment,1,2,2362,8,13,9,0,61900000.0
Hyderabad,Banjara Hills,Villa,1,2,2306,23,6,4,0,13180000.0
Mumbai,Bandra,Commercial Property,0,1,3528,21,2,2,0,85270000.0
Delhi,Vasant Kunj,Apartment,4,4,3481,17,23,2,0,39830000.0
Hyderabad,Jubilee Hills,Villa,4,4,2379,12,11,2,0,22060000.0
Bangalore,Whitefield,Commercial Property,0,1,4256,13,24,1,1,29060000.0
Hyderabad,HITECH City,Commercial Property,0,1,2096,3,10,8,0,12830000.0
Bangalore,Indiranagar,Apartment,1,1,1293,7,3,8,1,9690000.0
Hyderabad,Jubilee Hills,Independent House,4,3,3224,18,15,7,1,30650000.0
Bangalore,Koramangala,Villa,1,1,1862,4,23,6,0,18260000.0
Bangalore,Koramangala,Apartment,5,5,3097,8,4,4,0,29080000.0
Mumbai,Bandra,Independent House,5,6,1903,12,22,7,0,52800000.0
Delhi,Vasant Kunj,Villa,2,3,2755,0,7,9,0,33680000.0
Delhi,Connaught Place,Apartment,3,3,3329,24,15,1,1,54500000.0
Delhi,Dwarka,Commercial Property,0,1,3736,5,7,9,0,44010000.0
Hyderabad,HITECH City,Apartment,3,3,2401,21,11,9,0,15240000.0
Delhi,Dwarka,Commercial Property,0,1,640,8,11,5,0,7330000.0
Hyderabad,Kondapur,Independent House,3,3,2535,13,15,9,0,14880000.0
Bangalore,Koramangala,Commercial Property,0,1,997,16,21,0,0,9570000.0
Chennai,Velachery,Apartment,3,2,2904,8,17,7,0,18390000.0
Chennai,Anna Nagar,Apartment,1,1,3340,0,10,9,0,17770000.0
Delhi,Saket,Apartment,2,2,4412,23,17,3,0,52380000.0
Delhi,Connaught Place,Commercial Property,0,1,3190,10,18,3,0,44430000.0
Bangalore,Indiranagar,Commercial Property,0,1,746,19,6,7,0,5580000.0
Bangalore,Indiranagar,Commercial Property,0,1,2249,11,17,8,1,16670000.0
Mumbai,Powai,Villa,2,1,1197,11,14,8,0,24130000.0
Hyderabad,Kondapur,Villa,5,5,1603,6,4,3,0,11870000.0
Mumbai,Worli,Commercial Property,0,1,2345,22,17,2,0,42760000.0
Hyderabad,Jubilee Hills,Commercial Property,0,1,2318,4,14,0,0,19360000.0
Hyderabad,Gachibowli,Apartment,4,5,621,16,13,9,1,5130000.0
Delhi,Vasant Kunj,Commercial Property,0,1,1944,1,17,7,1,20350000.0
Chennai,ECR,Independent House,5,6,1525,9,12,7,0,9610000.0
Hyderabad,HITECH City,Apartment,3,3,1511,12,19,6,0,10180000.0
Bangalore,Electronic City,Independent House,2,2,2789,10,1,0,1,19620000.0
Hyderabad,Banjara Hills,Apartment,3,4,2372,5,11,0,0,13570000.0
Delhi,Rohini,Independent House,4,5,1687,2,24,6,0,20190000.0
Bangalore,HSR Layout,Independent House,5,4,3080,18,21,3,1,24310000.0
Mumbai,Juhu,Apartment,4,4,1331,7,15,4,1,24580000.0
Hyderabad,Banjara Hills,Independent House,5,6,3332,11,3,9,0,23080000.0
Bangalore,Indiranagar,Independent House,5,5,978,11,1,2,0,7460000.0
Hyderabad,HITECH City,Apartment,4,3,1488,3,17,1,0,10810000.0
Mumbai,Juhu,Apartment,4,3,3800,10,21,9,0,69020000.0
Mumbai,Bandra,Apartment,4,5,4020,19,22,2,1,101660000.0
Chennai,OMR,Independent House,4,3,832,5,17,6,0,5880000.0
Chennai,OMR,Apartment,5,5,2194,15,16,0,0,13860000.0
Bangalore,Indiranagar,Independent House,5,6,4270,17,20,1,0,30390000.0
Hyderabad,Kondapur,Apartment,2,1,2795,4,24,2,0,18330000.0
Hyderabad,Kondapur,Independent House,4,4,2131,23,21,6,0,14460000.0
Delhi,Rohini,Commercial Property,0,1,631,1,5,0,0,6400000.0
Bangalore,Koramangala,Villa,1,2,3113,0,1,7,1,29530000.0
Hyderabad,Gachibowli,Independent House,2,2,1298,19,10,0,1,8420000.0
Delhi,Saket,Villa,1,1,1190,15,24,1,1,13930000.0
Bangalore,Indiranagar,Villa,1,1,1397,6,16,4,0,10760000.0
Mumbai,Bandra,Commercial Property,0,1,666,19,8,9,0,16400000.0
Chennai,OMR,Villa,3,3,3591,9,9,9,0,18850000.0
Delhi,Vasant Kunj,Villa,4,4,3655,2,23,2,1,40650000.0
Delhi,Vasant Kunj,Independent House,5,4,1132,0,13,3,1,14210000.0
Mumbai,Juhu,Commercial Property,0,1,4372,22,12,7,1,71650000.0
Delhi,Dwarka,Independent House,4,4,1044,9,16,3,0,13480000.0
Mumbai,Powai,Commercial Property,0,1,3043,18,21,5,0,56490000.0
Mumbai,Bandra,Commercial Property,0,1,4384,7,16,1,0,110830000.0
Chennai,Anna Nagar,Villa,1,2,3064,15,18,0,1,18180000.0
Hyderabad,Jubilee Hills,Villa,1,1,1848,22,8,2,1,16360000.0
Chennai,Velachery,Apartment,1,2,1283,15,15,5,0,6770000.0
Mumbai,Juhu,Independent House,1,1,4233,15,20,0,0,83240000.0
Chennai,ECR,Commercial Property,0,1,767,8,3,2,0,4130000.0
Bangalore,HSR Layout,Apartment,1,1,1445,6,4,0,1,10000000.0
Mumbai,Juhu,Villa,3,4,1498,17,13,6,0,24960000.0
Chennai,ECR,Commercial Property,0,1,2133,22,5,5,1,11910000.0
Delhi,Vasant Kunj,Apartment,4,4,2003,23,18,4,0,20720000.0
Hyderabad,Jubilee Hills,Apartment,1,1,2496,8,7,6,1,22930000.0
Hyderabad,HITECH City,Villa,1,1,588,18,16,4,1,3930000.0
Hyderabad,Kondapur,Apartment,5,6,1121,7,11,1,1,8020000.0
Bangalore,Indiranagar,Apartment,5,4,1268,22,8,2,0,9730000.0
Mumbai,Powai,Apartment,2,3,926,16,6,7,0,17360000.0
Delhi,Vasant Kunj,Independent House,3,4,2839,10,15,0,0,31490000.0
Hyderabad,Gachibowli,Commercial Property,0,1,2631,12,1,4,0,14220000.0
Delhi,Connaught Place,Independent House,4,4,4294,8,21,6,1,64410000.0
Bangalore,Electronic City,Independent House,3,3,3789,1,13,2,1,26990000.0
Chennai,ECR,Villa,3,2,1706,18,11,7,1,9450000.0
Chennai,Velachery,Villa,5,4,1101,18,8,7,1,7610000.0
Bangalore,Whitefield,Commercial Property,0,1,2460,1,20,1,1,17960000.0
Chennai,Anna Nagar,Apartment,4,3,1778,5,1,9,0,11480000.0
Chennai,ECR,Villa,2,3,4259,7,13,6,0,25080000.0
Chennai,OMR,Villa,3,2,2304,14,23,5,0,14280000.0
Hyderabad,Kondapur,Villa,3,4,4285,18,5,6,1,28560000.0
Hyderabad,Gachibowli,Villa,4,3,3231,14,8,6,1,20070000.0
Hyderabad,Kondapur,Apartment,1,2,2438,0,4,9,0,16660000.0
Chennai,Adyar,Commercial Property,0,1,1977,22,12,6,1,14430000.0
Hyderabad,HITECH City,Villa,5,6,4415,4,5,1,1,29760000.0
Bangalore,Indiranagar,Independent House,1,2,2351,17,1,8,1,16370000.0
Mumbai,Worli,Villa,1,2,944,10,11,1,0,17180000.0
Bangalore,Electronic City,Independent House,4,5,2814,11,4,8,1,19720000.0
Bangalore,HSR Layout,Villa,5,6,3746,0,3,4,1,28890000.0
Chennai,OMR,Villa,3,3,2048,2,11,1,1,12940000.0
Mumbai,Andheri,Independent House,5,4,3537,9,9,6,0,69370000.0
Mumbai,Powai,Apartment,2,2,1891,22,13,7,0,36960000.0
Bangalore,Koramangala,Apartment,4,3,3193,11,10,1,1,35340000.0
Chennai,Velachery,Commercial Property,0,1,4218,8,8,2,0,23260000.0
Hyderabad,Gachibowli,Commercial Property,0,1,3575,24,20,5,1,22300000.0
Bangalore,Indiranagar,Commercial Property,0,1,3090,12,22,2,1,21080000.0
Bangalore,Electronic City,Commercial Property,0,1,4451,16,9,6,0,30690000.0
Mumbai,Worli,Independent House,5,5,3452,11,15,4,1,62290000.0
Chennai,Adyar,Independent House,5,6,3252,18,24,8,0,25690000.0
Mumbai,Powai,Independent House,1,2,2548,16,9,9,0,45910000.0
Hyderabad,Banjara Hills,Villa,1,2,2943,21,20,6,0,17030000.0
Mumbai,Bandra,Villa,3,2,3170,7,1,3,1,84440000.0
Hyderabad,Banjara Hills,Commercial Property,0,1,1401,0,23,2,0,8250000.0
Hyderabad,Gachibowli,Villa,1,1,4004,16,17,7,1,26660000.0
Delhi,Dwarka,Independent House,3,2,2293,3,19,6,1,26890000.0
Mumbai,Andheri,Independent House,4,5,977,10,7,3,0,17600000.0
Delhi,Rohini,Commercial Property,0,1,554,18,5,2,0,5360000.0
Mumbai,Andheri,Independent House,5,4,2412,8,21,8,1,42950000.0
Hyderabad,Kondapur,Independent House,3,4,507,19,10,2,0,3620000.0
Hyderabad,HITECH City,Villa,5,6,4085,17,9,1,1,26190000.0
Mumbai,Worli,Independent House,1,1,2759,24,18,9,0,45740000.0
Bangalore,Indiranagar,Independent House,4,3,3061,23,2,8,1,22170000.0
Hyderabad,Banjara Hills,Independent House,4,4,627,22,8,1,1,4520000.0
Bangalore,HSR Layout,Apartment,2,2,3338,2,20,9,0,24040000.0
Mumbai,Andheri,Apartment,4,3,2672,7,7,5,0,47730000.0
Bangalore,Whitefield,Villa,1,1,972,20,14,2,1,6490000.0
Bangalore,Whitefield,Commercial Property,0,1,4228,0,18,9,0,27660000.0
Chennai,ECR,Independent House,3,2,1979,11,22,8,0,11000000.0
Delhi,Rohini,Commercial Property,0,1,1958,5,8,3,0,21480000.0
Delhi,Connaught Place,Commercial Property,0,1,674,20,5,7,0,9230000.0
Chennai,OMR,Commercial Property,0,1,4426,1,11,1,0,25500000.0
Hyderabad,HITECH City,Villa,2,2,4463,14,10,9,0,29850000.0
Mumbai,Bandra,Commercial Property,0,1,2149,3,9,3,1,54710000.0
Bangalore,HSR Layout,Villa,5,5,1744,5,11,7,0,14810000.0
Bangalore,Electronic City,Commercial Property,0,1,3506,0,20,9,1,26460000.0
Chennai,Adyar,Commercial Property,0,1,2429,18,4,1,1,19450000.0
Bangalore,Whitefield,Villa,1,1,777,3,19,1,0,5450000.0
Mumbai,Bandra,Commercial Property,0,1,3978,20,21,6,0,90620000.0
Hyderabad,Jubilee Hills,Villa,1,1,2135,18,2,8,1,18680000.0
Hyderabad,Kondapur,Commercial Property,0,1,632,3,9,5,0,3800000.0
Bangalore,Electronic City,Villa,5,6,765,5,17,4,1,6300000.0
Mumbai,Powai,Independent House,1,2,3366,17,4,7,0,66150000.0
Mumbai,Worli,Independent House,2,2,2455,5,11,4,0,41420000.0
Chennai,OMR,Apartment,3,3,4438,0,4,1,1,25290000.0
Delhi,Vasant Kunj,Villa,1,1,1062,10,21,7,0,12920000.0
Chennai,Adyar,Independent House,5,4,1917,23,12,0,1,14780000.0
Hyderabad,Kondapur,Villa,4,4,4370,5,17,1,0,25080000.0
Bangalore,Indiranagar,Villa,5,4,3987,23,16,5,0,28300000.0
Bangalore,Electronic City,Apartment,2,1,1869,13,17,0,0,13170000.0
Bangalore,HSR Layout,Independent House,5,4,1775,11,17,3,1,13870000.0
Bangalore,HSR Layout,Apartment,2,1,1069,21,2,6,0,8380000.0
Chennai,Velachery,Independent House,1,1,558,14,22,5,1,3170000.0
Hyderabad,HITECH City,Apartment,5,5,3411,20,5,3,1,20020000.0
Chennai,Velachery,Villa,2,1,1841,21,15,4,0,9720000.0
Hyderabad,Jubilee Hills,Independent House,3,4,2415,17,20,3,0,22820000.0
Chennai,OMR,Commercial Property,0,1,3115,11,16,2,0,17290000.0
Delhi,Connaught Place,Apartment,1,2,4455,21,14,6,0,69850000.0
Chennai,Anna Nagar,Commercial Property,0,1,2246,23,17,8,0,11020000.0
Hyderabad,HITECH City,Independent House,3,4,3193,17,19,9,1,18370000.0
Hyderabad,Gachibowli,Commercial Property,0,1,1175,23,5,4,0,7120000.0
Bangalore,Whitefield,Apartment,2,2,4380,12,7,9,0,31400000.0
Hyderabad,Banjara Hills,Apartment,4,4,4377,18,19,2,0,27540000.0
Mumbai,Andheri,Villa,5,5,645,2,23,2,0,11820000.0
Bangalore,HSR Layout,Independent House,3,4,4044,23,8,8,1,30260000.0
Hyderabad,Jubilee Hills,Apartment,4,3,2391,7,7,5,0,22440000.0
Hyderabad,Gachibowli,Villa,5,6,1783,7,24,0,1,12180000.0
Bangalore,Whitefield,Commercial Property,0,1,3278,15,23,9,0,24770000.0
Delhi,Dwarka,Commercial Property,0,1,1921,15,11,3,0,20860000.0
Chennai,Anna Nagar,Commercial Property,0,1,3462,10,9,4,0,17290000.0
Chennai,OMR,Commercial Property,0,1,1923,19,16,5,0,10390000.0
Bangalore,HSR Layout,Villa,1,1,897,6,22,2,0,6450000.0
Chennai,Velachery,Independent House,2,2,3157,9,11,7,0,16770000.0
Mumbai,Andheri,Apartment,5,6,2378,11,17,5,1,45970000.0
Hyderabad,HITECH City,Commercial Property,0,1,2785,6,13,5,1,18520000.0
Delhi,Saket,Apartment,3,3,2203,23,16,4,0,23710000.0
Hyderabad,Kondapur,Villa,5,5,1914,4,21,1,0,11420000.0
Mumbai,Bandra,Commercial Property,0,1,2847,14,3,6,0,66440000.0
Delhi,Connaught Place,Commercial Property,0,1,3779,8,3,4,1,55470000.0
Bangalore,Whitefield,Villa,4,5,2414,4,13,0,0,16730000.0
Mumbai,Juhu,Commercial Property,0,1,3483,23,14,2,1,56410000.0
Mumbai,Worli,Independent House,3,2,3104,8,10,0,1,62060000.0
Chennai,Velachery,Independent House,1,2,3814,22,13,8,1,19710000.0
Chennai,Velachery,Independent House,1,1,714,12,8,0,1,4270000.0
Mumbai,Juhu,Villa,5,6,3954,14,16,2,1,66470000.0
Delhi,Dwarka,Commercial Property,0,1,4275,7,22,0,1,48440000.0
Hyderabad,Kondapur,Apartment,4,3,523,14,4,4,0,4200000.0
Chennai,Velachery,Commercial Property,0,1,3547,16,8,4,0,20730000.0
Chennai,Anna Nagar,Villa,4,3,1172,6,1,8,0,7580000.0
Bangalore,Electronic City,Independent House,3,3,1424,16,21,5,1,10260000.0
Hyderabad,Jubilee Hills,Villa,3,4,1693,6,5,8,0,16510000.0
Delhi,Rohini,Apartment,3,3,618,20,5,5,0,7350000.0
Chennai,Adyar,Commercial Property,0,1,4498,20,8,8,0,31740000.0
Mumbai,Bandra,Independent House,1,1,1708,9,15,3,0,42960000.0
Delhi,Vasant Kunj,Commercial Property,0,1,3033,23,11,7,0,32050000.0
Delhi,Connaught Place,Apartment,4,5,4432,12,11,0,0,64360000.0
Bangalore,HSR Layout,Commercial Property,0,1,733,3,23,8,0,5370000.0
Chennai,ECR,Apartment,4,5,3614,6,21,9,1,23030000.0
Mumbai,Bandra,Commercial Property,0,1,2025,3,2,2,1,46800000.0
Mumbai,Juhu,Villa,4,3,3964,19,18,2,0,77520000.0
Chennai,OMR,Independent House,2,1,4188,4,15,2,0,21860000.0
Delhi,Rohini,Independent House,5,6,830,4,1,8,0,10720000.0
Mumbai,Andheri,Apartment,2,3,3601,9,8,8,1,67360000.0
Mumbai,Bandra,Commercial Property,0,1,829,19,9,6,0,20400000.0
Bangalore,Koramangala,Independent House,4,4,2574,14,14,4,0,28660000.0
Mumbai,Worli,Apartment,3,4,4229,19,2,8,1,73250000.0
Mumbai,Andheri,Villa,5,4,3225,12,14,2,0,59760000.0
Mumbai,Andheri,Independent House,3,4,589,23,13,4,1,10600000.0
Chennai,OMR,Villa,5,6,1524,11,21,2,1,9080000.0
Bangalore,Koramangala,Apartment,5,6,3021,15,10,1,0,33420000.0
Mumbai,Powai,Apartment,4,5,763,13,10,2,1,13700000.0
Bangalore,Whitefield,Commercial Property,0,1,3837,14,4,6,1,24450000.0
Bangalore,Whitefield,Commercial Property,0,1,3215,18,5,6,1,24750000.0
Mumbai,Powai,Commercial Property,0,1,900,21,18,2,1,16400000.0
Hyderabad,Gachibowli,Apartment,4,4,2843,0,12,1,0,17360000.0
Chennai,Velachery,Independent House,4,5,1476,8,10,5,1,9850000.0
Chennai,Anna Nagar,Apartment,5,6,1203,14,22,7,0,8350000.0
Delhi,Dwarka,Villa,5,6,1373,18,8,6,0,14690000.0
Delhi,Rohini,Commercial Property,0,1,1815,16,24,4,1,18800000.0
Chennai,Anna Nagar,Commercial Property,0,1,2668,16,20,7,1,15240000.0
Mumbai,Juhu,Independent House,2,1,3642,13,2,8,0,60710000.0
Hyderabad,Banjara Hills,Independent House,2,1,1638,11,20,3,0,10160000.0
Chennai,Adyar,Villa,4,3,3507,21,17,5,1,26280000.0
Chennai,ECR,Villa,4,5,1388,19,11,5,0,8900000.0
Hyderabad,Kondapur,Villa,1,1,3618,20,7,5,1,21470000.0
Hyderabad,Gachibowli,Apartment,1,1,731,13,12,9,1,5260000.0
Bangalore,Electronic City,Apartment,5,6,1314,7,23,4,1,11120000.0
Hyderabad,Jubilee Hills,Commercial Property,0,1,760,15,17,5,1,6690000.0
Delhi,Connaught Place,Commercial Property,0,1,4039,14,18,0,1,61710000.0
Mumbai,Worli,Commercial Property,0,1,3935,6,18,5,1,74670000.0
Delhi,Rohini,Apartment,2,1,3770,15,7,0,0,43340000.0
Hyderabad,Banjara Hills,Independent House,3,4,3083,21,6,7,1,20000000.0
Bangalore,Whitefield,Commercial Property,0,1,3376,5,24,0,0,22770000.0
Delhi,Saket,Villa,2,3,2912,6,23,4,1,35480000.0
Chennai,OMR,Commercial Property,0,1,3989,3,2,3,1,20770000.0
Bangalore,Koramangala,Villa,1,1,2301,4,17,5,0,20790000.0
Chennai,Anna Nagar,Villa,5,6,4018,13,9,6,0,24800000.0
Delhi,Saket,Villa,5,6,1339,2,23,1,0,16670000.0
Delhi,Dwarka,Apartment,3,3,1070,10,15,9,0,12400000.0
Hyderabad,HITECH City,Apartment,2,1,3348,0,15,9,1,22140000.0
Delhi,Vasant Kunj,Independent House,4,4,917,23,12,6,1,10170000.0
Chennai,OMR,Independent House,5,6,3135,24,2,3,1,17700000.0
Mumbai,Juhu,Commercial Property,0,1,1497,17,2,6,1,24420000.0
Bangalore,Indiranagar,Apartment,5,4,2560,18,12,8,0,20420000.0
Chennai,OMR,Villa,3,2,1261,22,14,5,0,6830000.0
Delhi,Saket,Commercial Property,0,1,4439,6,2,5,0,46050000.0
Bangalore,HSR Layout,Commercial Property,0,1,1019,7,1,1,1,7100000.0
Delhi,Vasant Kunj,Independent House,5,6,1702,21,5,9,1,19160000.0
Hyderabad,Gachibowli,Independent House,5,4,2103,1,10,5,0,13290000.0
Bangalore,HSR Layout,Independent House,3,2,2142,20,17,4,0,16170000.0
Mumbai,Bandra,Commercial Property,0,1,1282,0,22,3,0,32810000.0
Delhi,Connaught Place,Villa,5,6,1915,12,11,8,0,32530000.0
Bangalore,Whitefield,Independent House,4,5,2113,18,12,1,0,15660000.0
Chennai,ECR,Independent House,5,6,2447,15,12,4,0,15380000.0
Hyderabad,Banjara Hills,Villa,5,5,2114,11,17,8,0,14420000.0
Chennai,OMR,Apartment,4,3,3886,4,23,0,1,24340000.0
Chennai,OMR,Independent House,1,1,768,13,6,5,0,4490000.0
Mumbai,Andheri,Independent House,3,4,1999,22,4,3,0,36460000.0
Chennai,Velachery,Commercial Property,0,1,3633,6,16,6,1,19400000.0
Bangalore,Whitefield,Apartment,5,5,3296,17,16,5,0,25120000.0
Delhi,Dwarka,Apartment,5,5,1797,1,16,8,0,21350000.0
Hyderabad,Banjara Hills,Commercial Property,0,1,533,7,10,6,0,3020000.0
Chennai,ECR,Villa,3,4,2434,20,24,7,0,14900000.0
Hyderabad,Banjara Hills,Independent House,3,2,946,1,17,4,0,6620000.0
Bangalore,HSR Layout,Independent House,1,1,2176,22,6,1,0,15750000.0
Bangalore,Electronic City,Apartment,1,1,617,4,19,4,1,4750000.0
Bangalore,Electronic City,Villa,2,3,1992,24,20,8,0,15140000.0
Delhi,Dwarka,Commercial Property,0,1,2447,2,7,9,0,25330000.0
Bangalore,Indiranagar,Apartment,1,1,3128,24,13,6,1,22120000.0
Mumbai,Bandra,Independent House,4,5,3502,7,23,1,0,88550000.0
Chennai,ECR,Commercial Property,0,1,3737,12,11,9,1,21280000.0
Delhi,Vasant Kunj,Apartment,4,3,2223,22,14,3,1,26600000.0
Chennai,Adyar,Villa,2,1,1550,17,8,9,1,12850000.0
Bangalore,Koramangala,Apartment,3,4,1969,8,5,1,1,21190000.0
Bangalore,HSR Layout,Villa,2,1,1591,12,12,9,0,12030000.0
Chennai,Anna Nagar,Apartment,2,1,4025,17,14,2,1,21870000.0
Delhi,Saket,Apartment,2,1,2926,10,8,0,0,31050000.0
Hyderabad,Banjara Hills,Villa,3,2,2776,19,3,4,1,17590000.0
Hyderabad,Jubilee Hills,Apartment,1,2,1372,21,17,7,1,11650000.0
Mumbai,Juhu,Apartment,1,1,1268,24,15,3,1,23020000.0
Bangalore,HSR Layout,Apartment,3,3,2983,15,3,0,1,23310000.0
Delhi,Saket,Apartment,5,5,869,2,22,2,0,11040000.0
Hyderabad,Gachibowli,Apartment,1,1,3443,2,19,5,1,21050000.0
Hyderabad,Banjara Hills,Villa,2,3,2743,0,13,7,1,18850000.0
Mumbai,Powai,Commercial Property,0,1,4153,11,9,8,1,69000000.0
Delhi,Connaught Place,Independent House,3,3,3019,10,8,5,1,43610000.0
Delhi,Saket,Apartment,4,4,2560,21,3,5,1,28990000.0
Bangalore,HSR Layout,Apartment,5,4,4097,24,8,6,0,31860000.0
Hyderabad,Jubilee Hills,Villa,4,4,4166,24,8,5,1,35460000.0
Mumbai,Powai,Villa,1,2,3070,15,5,4,1,53470000.0
Bangalore,Koramangala,Commercial Property,0,1,890,15,23,4,1,8410000.0
Delhi,Vasant Kunj,Independent House,4,4,4419,3,6,4,1,53030000.0
Bangalore,Indiranagar,Commercial Property,0,1,4033,3,12,7,1,29380000.0
Bangalore,Electronic City,Apartment,2,1,3848,15,15,5,0,28020000.0
Mumbai,Worli,Commercial Property,0,1,4119,0,21,7,1,78340000.0
Bangalore,Koramangala,Commercial Property,0,1,1028,6,11,3,1,9910000.0
Mumbai,Bandra,Apartment,2,1,734,23,17,7,0,18230000.0
Delhi,Dwarka,Independent House,2,1,4165,2,22,0,1,48780000.0
Bangalore,Indiranagar,Independent House,3,2,4211,24,5,4,0,30620000.0
Hyderabad,Gachibowli,Villa,3,2,2990,24,9,7,0,16810000.0
Mumbai,Powai,Commercial Property,0,1,556,20,22,2,1,9880000.0
Chennai,Velachery,Commercial Property,0,1,2989,8,12,5,1,17420000.0
Bangalore,Whitefield,Independent House,3,2,3353,20,24,7,1,22140000.0
Bangalore,Koramangala,Villa,5,5,595,15,7,7,1,6560000.0
Hyderabad,Banjara Hills,Commercial Property,0,1,2829,11,11,2,1,18380000.0
Hyderabad,Banjara Hills,Independent House,1,2,1678,8,23,6,0,10660000.0
Delhi,Saket,Apartment,2,2,1466,20,21,4,0,15460000.0
Mumbai,Bandra,Villa,3,3,2404,3,24,6,1,60420000.0
Mumbai,Powai,Independent House,4,5,2628,9,17,5,1,45880000.0
Hyderabad,Banjara Hills,Apartment,4,3,809,24,20,0,0,4840000.0
Hyderabad,Kondapur,Apartment,3,3,515,5,6,6,0,3780000.0
Bangalore,Indiranagar,Apartment,1,1,815,20,16,9,1,6450000.0
Bangalore,HSR Layout,Independent House,3,2,3244,10,22,0,1,22410000.0
Hyderabad,Banjara Hills,Commercial Property,0,1,2473,15,16,5,1,15500000.0
Delhi,Rohini,Independent House,4,3,659,17,21,3,0,7890000.0
Mumbai,Worli,Apartment,4,4,1932,20,17,0,0,32280000.0
Bangalore,Electronic City,Commercial Property,0,1,631,3,4,0,0,4530000.0
Hyderabad,Banjara Hills,Apartment,5,4,2058,15,22,4,1,12540000.0
Chennai,Anna Nagar,Villa,3,2,4291,6,19,0,0,23590000.0
Bangalore,Whitefield,Commercial Property,0,1,828,12,16,2,1,5890000.0
Chennai,Anna Nagar,Commercial Property,0,1,1819,3,20,7,0,9970000.0
Delhi,Saket,Villa,5,4,1306,5,2,6,1,15030000.0
Hyderabad,Jubilee Hills,Villa,4,3,2712,13,6,6,1,24430000.0
Mumbai,Juhu,Commercial Property,0,1,4254,12,16,1,0,81250000.0
Hyderabad,Jubilee Hills,Commercial Property,0,1,3600,15,2,0,1,29390000.0
Bangalore,Electronic City,Commercial Property,0,1,3930,21,21,9,1,27390000.0
Delhi,Connaught Place,Villa,5,4,2092,1,23,9,1,31700000.0
Hyderabad,Jubilee Hills,Independent House,1,2,1086,8,14,8,0,8750000.0
Hyderabad,Jubilee Hills,Commercial Property,0,1,2922,11,18,4,0,24060000.0
Bangalore,Koramangala,Commercial Property,0,1,1570,0,3,1,1,16010000.0
Bangalore,Electronic City,Apartment,1,1,1991,9,5,1,0,15080000.0
Delhi,Vasant Kunj,Independent House,4,3,2385,11,1,9,1,29450000.0
Chennai,Adyar,Independent House,2,1,2046,22,2,0,0,16290000.0
Bangalore,Koramangala,Independent House,1,1,1533,2,21,5,0,14370000.0
Hyderabad,Kondapur,Villa,2,2,2095,23,22,3,1,13480000.0
Hyderabad,Gachibowli,Villa,2,1,1369,12,23,9,0,8590000.0
Mumbai,Juhu,Commercial Property,0,1,2743,6,24,5,1,49530000.0
Chennai,ECR,Independent House,2,3,3111,6,8,0,0,16570000.0
Delhi,Saket,Independent House,1,1,1348,4,6,9,0,16730000.0
Delhi,Rohini,Villa,3,2,1024,4,3,2,0,12240000.0
Chennai,Adyar,Commercial Property,0,1,1499,18,5,1,0,10690000.0
Hyderabad,Gachibowli,Independent House,5,6,2457,12,10,2,1,14420000.0
Chennai,Velachery,Villa,4,5,4345,1,21,6,1,27010000.0
Hyderabad,Kondapur,Apartment,5,6,3924,7,12,9,0,25170000.0
Bangalore,Koramangala,Apartment,4,5,3565,2,2,5,0,35420000.0
Delhi,Saket,Independent House,1,1,996,13,10,0,1,10790000.0
Mumbai,Powai,Villa,5,6,1856,21,21,3,1,31960000.0
Delhi,Saket,Independent House,4,4,4178,22,13,0,1,44820000.0
Delhi,Connaught Place,Apartment,3,3,3525,13,15,2,0,58490000.0
Chennai,Adyar,Villa,3,2,1954,17,14,4,1,15880000.0
Delhi,Connaught Place,Independent House,3,2,1371,14,1,6,0,21840000.0
Mumbai,Powai,Apartment,4,3,3809,9,24,1,1,74540000.0
Bangalore,Electronic City,Villa,5,5,1352,18,4,6,1,10990000.0
Delhi,Rohini,Apartment,2,2,2531,4,8,4,1,27660000.0
Chennai,Velachery,Villa,4,5,2550,11,5,5,0,15310000.0
Mumbai,Juhu,Apartment,3,3,1266,7,6,3,1,25330000.0
Chennai,ECR,Commercial Property,0,1,1821,21,14,8,0,10570000.0
Bangalore,HSR Layout,Villa,3,3,4127,2,4,5,1,28470000.0
Chennai,OMR,Commercial Property,0,1,3308,20,9,6,0,19690000.0
Chennai,Velachery,Independent House,3,4,3027,5,21,3,0,16310000.0
Bangalore,Indiranagar,Independent House,2,1,1128,23,19,6,0,8140000.0
Delhi,Rohini,Commercial Property,0,1,3415,16,5,8,1,37200000.0
Chennai,Anna Nagar,Villa,4,3,3991,20,8,0,0,20560000.0
Delhi,Rohini,Commercial Property,0,1,4115,12,9,3,1,48610000.0
Delhi,Vasant Kunj,Apartment,3,2,2369,8,24,3,1,27860000.0
Delhi,Vasant Kunj,Villa,3,4,3194,9,13,3,1,36200000.0
Delhi,Dwarka,Commercial Property,0,1,1139,9,5,6,0,12850000.0
Mumbai,Andheri,Commercial Property,0,1,1751,14,10,4,1,31360000.0
Mumbai,Juhu,Commercial Property,0,1,4101,11,16,0,1,66500000.0
Delhi,Vasant Kunj,Apartment,2,2,4456,3,14,0,1,47060000.0
Mumbai,Andheri,Villa,4,4,1000,11,1,4,0,17350000.0
Mumbai,Bandra,Villa,4,5,3516,21,21,6,1,96030000.0
Hyderabad,Gachibowli,Commercial Property,0,1,3424,22,6,4,0,19650000.0
Chennai,Anna Nagar,Villa,1,1,2177,4,8,6,0,11900000.0
Mumbai,Worli,Villa,2,1,3654,5,22,1,1,60890000.0
Chennai,Anna Nagar,Villa,3,2,843,1,17,7,1,5930000.0
Hyderabad,Jubilee Hills,Commercial Property,0,1,3021,19,7,6,1,26450000.0
Bangalore,Whitefield,Commercial Property,0,1,579,19,16,9,0,4170000.0
Delhi,Vasant Kunj,Apartment,5,4,1698,13,19,4,1,21620000.0
Mumbai,Andheri,Apartment,4,4,2119,23,23,0,1,35600000.0
Mumbai,Bandra,Villa,2,2,3081,11,17,1,1,74600000.0
Hyderabad,HITECH City,Commercial Property,0,1,3824,24,3,1,0,23230000.0
Delhi,Connaught Place,Apartment,1,2,3699,17,23,6,0,60370000.0
Chennai,ECR,Commercial Property,0,1,739,12,14,0,1,3570000.0
Delhi,Rohini,Commercial Property,0,1,811,20,4,5,1,8840000.0
Bangalore,Indiranagar,Independent House,2,3,3618,19,10,7,1,24910000.0
Bangalore,Electronic City,Independent House,5,4,1831,18,13,1,0,14400000.0
Bangalore,Koramangala,Commercial Property,0,1,4111,20,13,1,0,37270000.0
Hyderabad,Gachibowli,Independent House,2,3,558,1,15,6,0,4080000.0
Delhi,Dwarka,Independent House,2,1,3529,22,19,3,1,39880000.0
Delhi,Vasant Kunj,Independent House,3,4,2017,14,14,6,0,23270000.0
Chennai,Velachery,Independent House,5,5,2415,16,17,7,0,15780000.0
Hyderabad,Kondapur,Commercial Property,0,1,3754,3,18,4,1,23290000.0
Mumbai,Powai,Independent House,1,1,2372,18,12,3,1,45050000.0
Delhi,Vasant Kunj,Commercial Property,0,1,3502,1,11,7,1,39470000.0
Hyderabad,Kondapur,Villa,2,2,1486,7,7,7,1,8780000.0
Bangalore,Whitefield,Independent House,1,1,2122,11,22,8,0,16710000.0
Bangalore,Electronic City,Commercial Property,0,1,3341,18,11,4,0,24390000.0
Hyderabad,Kondapur,Apartment,4,3,2102,13,8,7,0,12280000.0
Delhi,Saket,Commercial Property,0,1,2371,12,20,2,0,25700000.0
Delhi,Connaught Place,Villa,2,1,1137,15,22,1,0,17040000.0
Chennai,Velachery,Commercial Property,0,1,2344,17,8,5,1,13520000.0
Bangalore,Whitefield,Independent House,3,2,3736,21,6,3,1,24700000.0
Delhi,Dwarka,Independent House,3,4,3796,1,10,8,1,44370000.0
Chennai,Velachery,Commercial Property,0,1,964,15,8,6,1,5210000.0
Delhi,Vasant Kunj,Independent House,4,3,1714,9,17,0,0,18720000.0
Bangalore,HSR Layout,Independent House,2,1,906,24,22,3,1,6330000.0
Chennai,Adyar,Independent House,2,1,1057,16,13,2,1,8840000.0
Mumbai,Bandra,Villa,2,3,3812,17,6,4,1,87040000.0
Bangalore,Indiranagar,Commercial Property,0,1,3371,10,15,7,1,25500000.0
Chennai,Anna Nagar,Commercial Property,0,1,1221,23,9,6,1,6090000.0
Delhi,Connaught Place,Apartment,4,4,2987,23,7,9,0,46590000.0
Hyderabad,Banjara Hills,Apartment,5,5,2451,17,24,8,1,15730000.0
Bangalore,Electronic City,Villa,4,3,4483,21,16,2,0,29600000.0
Mumbai,Worli,Apartment,2,3,1059,21,24,0,1,18820000.0
Bangalore,Indiranagar,Villa,3,2,4028,12,6,2,0,28990000.0
Bangalore,Whitefield,Commercial Property,0,1,4251,1,19,6,1,29510000.0
Delhi,Saket,Independent House,4,5,3532,8,13,1,0,38120000.0
Delhi,Dwarka,Commercial Property,0,1,2078,19,21,4,0,23340000.0
Mumbai,Andheri,Independent House,3,4,3163,19,19,9,1,53870000.0
Chennai,Adyar,Commercial Property,0,1,1762,23,21,3,0,14070000.0
Bangalore,Electronic City,Villa,5,5,2672,4,20,0,0,18230000.0
Bangalore,Whitefield,Apartment,5,4,3323,21,21,1,0,24860000.0
Bangalore,Electronic City,Apartment,4,3,792,7,15,2,1,7240000.0
Delhi,Saket,Apartment,2,1,1804,6,12,9,0,20670000.0
Mumbai,Worli,Independent House,1,2,2812,19,10,4,0,55490000.0
Bangalore,Koramangala,Apartment,1,1,1823,9,2,8,1,17470000.0
Mumbai,Powai,Apartment,4,3,3386,15,1,0,0,65550000.0
Mumbai,Worli,Independent House,5,4,1997,11,10,2,0,38640000.0
Chennai,Adyar,Commercial Property,0,1,3022,19,17,9,0,22600000.0
Delhi,Dwarka,Villa,1,1,3980,12,1,8,1,43640000.0
Delhi,Saket,Independent House,3,2,1522,11,22,1,0,18920000.0
Delhi,Vasant Kunj,Commercial Property,0,1,2137,6,15,7,0,21940000.0
Bangalore,Koramangala,Apartment,1,1,1830,11,13,9,1,20270000.0
Chennai,OMR,Apartment,1,1,2987,7,11,7,1,17190000.0
Hyderabad,HITECH City,Independent House,5,5,4392,16,14,0,1,25710000.0
Bangalore,Koramangala,Apartment,1,2,1255,20,18,9,0,11470000.0
Bangalore,Whitefield,Independent House,4,5,1292,17,14,5,1,9720000.0
Bangalore,Indiranagar,Villa,1,1,1687,16,2,7,1,13200000.0
Bangalore,HSR Layout,Apartment,4,5,1473,7,3,4,1,11840000.0
Delhi,Saket,Independent House,3,2,4244,13,6,9,0,46100000.0
Delhi,Connaught Place,Apartment,4,5,3156,5,9,2,0,49510000.0
Bangalore,Electronic City,Commercial Property,0,1,1638,11,2,0,0,11660000.0
Chennai,Adyar,Apartment,3,3,3400,20,21,6,0,26710000.0
Hyderabad,Gachibowli,Apartment,4,4,3133,18,9,8,1,19590000.0
Chennai,Anna Nagar,Apartment,3,4,3812,1,11,1,0,22040000.0
Mumbai,Andheri,Commercial Property,0,1,4252,14,7,3,0,72330000.0
Delhi,Connaught Place,Commercial Property,0,1,1397,22,15,3,0,21270000.0
Mumbai,Worli,Villa,5,4,4337,5,20,6,1,77670000.0
Delhi,Connaught Place,Independent House,5,4,3521,10,2,5,1,58220000.0
Mumbai,Andheri,Independent House,4,5,4272,15,6,5,1,72530000.0
Mumbai,Powai,Apartment,1,2,3084,21,18,6,0,59260000.0
Chennai,Velachery,Villa,2,2,2017,12,22,5,0,10780000.0
Hyderabad,Kondapur,Villa,5,4,3387,6,8,5,0,21100000.0
Chennai,Adyar,Villa,2,2,2722,13,24,8,0,20280000.0
Mumbai,Andheri,Apartment,4,5,1294,15,20,8,0,25520000.0
Hyderabad,Jubilee Hills,Apartment,1,2,4459,7,10,9,0,36630000.0
Bangalore,Whitefield,Commercial Property,0,1,3271,15,5,2,1,21880000.0
Bangalore,Koramangala,Apartment,3,3,2660,3,19,5,0,27160000.0
Delhi,Vasant Kunj,Commercial Property,0,1,4316,13,23,4,1,43390000.0
Chennai,Velachery,Apartment,5,4,1346,6,1,0,0,8710000.0
Delhi,Connaught Place,Apartment,2,3,2169,5,4,4,1,36360000.0
Mumbai,Powai,Villa,4,5,1512,20,6,4,1,29520000.0
Bangalore,HSR Layout,Apartment,4,3,3716,8,19,1,0,27360000.0
Delhi,Connaught Place,Independent House,4,3,3015,8,1,9,0,49200000.0
Hyderabad,HITECH City,Villa,3,2,3370,13,20,2,1,19340000.0
Mumbai,Worli,Commercial Property,0,1,2574,13,2,0,1,46800000.0
Bangalore,HSR Layout,Commercial Property,0,1,1874,5,22,8,0,13460000.0
Hyderabad,Gachibowli,Villa,3,3,1109,7,4,4,1,8190000.0
Delhi,Connaught Place,Commercial Property,0,1,2631,0,12,6,1,40740000.0
Chennai,Anna Nagar,Apartment,5,5,1311,16,21,5,0,8810000.0
Delhi,Saket,Apartment,3,3,2476,8,6,5,1,26400000.0
Delhi,Dwarka,Villa,4,3,2013,17,9,0,0,21920000.0
Bangalore,Whitefield,Apartment,5,6,2098,18,9,4,0,15340000.0
Delhi,Vasant Kunj,Commercial Property,0,1,844,2,4,6,1,9910000.0
Delhi,Dwarka,Apartment,4,4,1835,13,15,4,1,20650000.0
Delhi,Connaught Place,Apartment,1,1,2190,8,4,0,1,36600000.0
Chennai,Velachery,Commercial Property,0,1,2373,21,9,2,0,13870000.0
Hyderabad,Jubilee Hills,Villa,3,3,1250,24,7,4,0,11790000.0
Delhi,Dwarka,Commercial Property,0,1,1904,13,10,0,0,20670000.0
Hyderabad,Jubilee Hills,Apartment,2,2,508,21,23,6,1,4460000.0
Hyderabad,HITECH City,Commercial Property,0,1,4126,7,7,2,0,25240000.0
Chennai,OMR,Independent House,5,6,1865,16,17,5,1,11410000.0
Chennai,ECR,Villa,4,4,2351,9,2,1,0,12910000.0
Hyderabad,Kondapur,Commercial Property,0,1,1935,13,4,9,1,11750000.0
Chennai,OMR,Independent House,5,6,4442,13,2,2,0,23390000.0
Bangalore,Whitefield,Apartment,2,2,4428,23,14,8,1,31960000.0
Bangalore,Koramangala,Apartment,2,1,3847,9,10,7,1,35900000.0
Mumbai,Bandra,Independent House,1,2,4220,15,5,1,1,98870000.0
Bangalore,Indiranagar,Apartment,3,2,1395,23,11,3,0,10070000.0
Hyderabad,Jubilee Hills,Commercial Property,0,1,2397,7,24,7,0,18350000.0
Delhi,Vasant Kunj,Apartment,1,1,2589,9,10,3,0,27420000.0
Chennai,Velachery,Apartment,5,5,1030,20,21,0,1,5970000.0
Hyderabad,HITECH City,Commercial Property,0,1,4260,18,7,0,0,23190000.0
Bangalore,Koramangala,Independent House,1,1,4472,4,12,2,1,42190000.0
Hyderabad,Banjara Hills,Apartment,4,4,2593,1,3,8,0,16460000.0
Bangalore,Koramangala,Villa,1,2,1544,9,22,8,0,15170000.0
Mumbai,Bandra,Apartment,2,1,3693,21,7,4,0,95940000.0
Hyderabad,Jubilee Hills,Villa,2,3,2047,18,12,5,0,17830000.0
Hyderabad,Jubilee Hills,Villa,1,2,3222,21,5,5,0,27460000.0
Mumbai,Juhu,Apartment,4,4,2517,3,18,2,1,42830000.0
Chennai,Velachery,Villa,1,1,558,12,9,5,0,3580000.0
Hyderabad,Jubilee Hills,Apartment,5,5,1441,15,14,8,0,13560000.0
Hyderabad,Banjara Hills,Commercial Property,0,1,859,0,17,2,0,4860000.0
Delhi,Dwarka,Villa,2,3,2305,17,9,4,0,27130000.0
Hyderabad,Jubilee Hills,Apartment,1,1,1363,3,15,2,1,11660000.0
Chennai,Anna Nagar,Apartment,1,1,975,24,18,2,1,5530000.0
Bangalore,Koramangala,Villa,1,2,2367,1,10,4,0,22430000.0
Hyderabad,Banjara Hills,Independent House,4,3,3046,17,3,3,1,19530000.0
Mumbai,Worli,Independent House,3,2,2613,12,13,1,1,50950000.0
Delhi,Vasant Kunj,Apartment,1,1,3059,17,19,6,0,35800000.0
Chennai,Velachery,Independent House,4,4,2295,4,9,6,1,15170000.0
Hyderabad,Jubilee Hills,Independent House,3,2,2177,7,18,2,1,19250000.0
Bangalore,HSR Layout,Villa,4,4,2306,15,2,1,0,15220000.0
Hyderabad,Banjara Hills,Apartment,2,3,3082,9,1,5,0,20440000.0
Hyderabad,Banjara Hills,Independent House,3,4,1651,6,2,4,1,10200000.0
Bangalore,HSR Layout,Commercial Property,0,1,4381,20,14,8,0,33420000.0
Mumbai,Bandra,Villa,3,4,3365,2,15,8,1,78830000.0
Mumbai,Powai,Commercial Property,0,1,1454,4,10,9,1,28440000.0
Bangalore,Koramangala,Apartment,3,2,3847,1,11,9,1,39630000.0
Delhi,Dwarka,Villa,1,1,2462,18,17,7,1,28700000.0
Bangalore,Whitefield,Commercial Property,0,1,1453,3,6,8,0,11290000.0
Hyderabad,Gachibowli,Villa,4,5,2190,24,5,5,0,12600000.0
Chennai,Anna Nagar,Apartment,1,2,2259,7,15,2,0,12640000.0
Mumbai,Powai,Apartment,4,3,989,18,11,9,0,20190000.0
Mumbai,Andheri,Apartment,3,3,3920,21,18,8,0,70710000.0
Hyderabad,Banjara Hills,Apartment,2,1,4130,22,18,6,0,25860000.0
Chennai,Anna Nagar,Independent House,5,4,1653,3,1,8,0,11370000.0
Mumbai,Worli,Independent House,1,2,3270,12,12,5,0,64320000.0
Delhi,Connaught Place,Commercial Property,0,1,3737,9,20,7,0,56160000.0
Chennai,OMR,Commercial Property,0,1,820,21,15,7,0,3920000.0
Hyderabad,HITECH City,Apartment,2,3,2365,3,1,6,1,14060000.0
Chennai,OMR,Commercial Property,0,1,624,21,15,4,0,2850000.0
Chennai,ECR,Apartment,2,3,4196,20,4,2,1,21210000.0
Delhi,Dwarka,Commercial Property,0,1,3324,6,13,2,0,36090000.0
Chennai,ECR,Independent House,4,3,2011,2,2,2,1,12920000.0
Chennai,ECR,Independent House,1,1,1665,13,15,2,0,8840000.0
Delhi,Rohini,Villa,3,4,3639,13,16,3,1,42930000.0
Chennai,Adyar,Independent House,5,6,886,9,18,0,1,8220000.0
Bangalore,Indiranagar,Commercial Property,0,1,1464,11,12,7,1,10270000.0
Hyderabad,Kondapur,Commercial Property,0,1,4450,11,19,4,1,24280000.0
Mumbai,Juhu,Villa,1,1,1599,13,6,0,1,30970000.0
Mumbai,Powai,Villa,4,3,757,23,10,6,1,13400000.0
Delhi,Vasant Kunj,Villa,5,6,4051,16,2,8,1,41500000.0
Chennai,ECR,Commercial Property,0,1,671,14,18,2,1,3680000.0
Hyderabad,Jubilee Hills,Independent House,5,5,3872,3,17,3,1,34540000.0
Delhi,Saket,Commercial Property,0,1,667,5,22,0,0,6580000.0
Bangalore,Indiranagar,Commercial Property,0,1,3050,11,10,9,1,21910000.0
Mumbai,Juhu,Apartment,3,4,3516,3,21,6,1,62900000.0
Mumbai,Andheri,Villa,1,1,2541,11,16,3,0,46990000.0
Delhi,Connaught Place,Apartment,3,2,1189,23,15,1,1,19140000.0
Hyderabad,HITECH City,Villa,2,2,2104,5,24,8,0,12130000.0
Hyderabad,Banjara Hills,Commercial Property,0,1,3221,22,21,6,0,18120000.0
Chennai,ECR,Villa,3,2,1712,17,23,5,1,9970000.0
Bangalore,Electronic City,Commercial Property,0,1,1113,22,15,9,0,7860000.0
Hyderabad,Jubilee Hills,Apartment,3,4,1250,4,11,5,1,11940000.0
Mumbai,Juhu,Apartment,4,5,3535,12,6,4,0,62570000.0
Chennai,Adyar,Independent House,1,1,2244,23,7,6,0,18820000.0
Chennai,OMR,Commercial Property,0,1,1260,7,5,2,1,6730000.0
Delhi,Saket,Independent House,4,5,3615,12,14,4,1,43930000.0
Hyderabad,Gachibowli,Commercial Property,0,1,2915,22,23,6,0,17600000.0
Mumbai,Andheri,Villa,2,3,2849,19,6,7,1,48700000.0
Delhi,Dwarka,Villa,4,4,3430,21,21,4,1,38970000.0
Mumbai,Andheri,Independent House,5,6,3708,16,7,8,1,64250000.0
Delhi,Connaught Place,Villa,2,3,1715,13,20,8,1,29550000.0
Delhi,Rohini,Independent House,5,5,782,7,9,1,0,9930000.0
Hyderabad,Jubilee Hills,Apartment,2,1,2789,4,9,8,1,23470000.0
Mumbai,Powai,Apartment,3,2,2545,15,4,0,0,46210000.0
Bangalore,Koramangala,Independent House,2,3,1678,15,10,7,1,16670000.0
Delhi,Saket,Commercial Property,0,1,3188,2,12,8,0,36100000.0
Hyderabad,HITECH City,Villa,1,2,2214,7,23,6,0,13170000.0
Bangalore,Koramangala,Villa,4,5,3806,21,3,2,0,34750000.0
Chennai,ECR,Apartment,2,2,2499,5,10,9,0,14370000.0
Delhi,Connaught Place,Apartment,3,2,3327,19,18,1,1,49780000.0
Bangalore,Koramangala,Villa,3,3,3112,0,24,3,0,33390000.0
Bangalore,Whitefield,Apartment,4,4,594,12,22,6,1,4910000.0
Bangalore,Whitefield,Independent House,4,3,3680,7,7,7,1,29150000.0
Mumbai,Worli,Independent House,5,5,1784,6,9,6,0,32830000.0
Bangalore,HSR Layout,Villa,1,1,900,12,24,6,0,6390000.0
Bangalore,HSR Layout,Apartment,3,4,584,9,1,3,1,5240000.0
Chennai,ECR,Commercial Property,0,1,2871,4,20,8,0,14900000.0
Chennai,OMR,Apartment,2,2,2584,21,19,4,1,15870000.0
Chennai,Adyar,Apartment,1,2,1602,17,10,6,0,12520000.0
Delhi,Connaught Place,Commercial Property,0,1,3285,12,1,3,0,46210000.0
Chennai,OMR,Commercial Property,0,1,2642,16,21,6,0,14970000.0
Mumbai,Andheri,Commercial Property,0,1,3791,8,15,9,1,67360000.0
Chennai,Anna Nagar,Villa,5,4,1282,3,15,4,0,8500000.0
Delhi,Saket,Villa,4,5,4477,12,20,9,0,52310000.0
Chennai,Velachery,Apartment,3,3,3804,11,19,0,1,20560000.0
Hyderabad,HITECH City,Apartment,3,4,3607,14,22,5,1,20690000.0
Chennai,Velachery,Apartment,3,4,2826,10,23,1,1,17400000.0
Mumbai,Juhu,Commercial Property,0,1,2927,2,7,6,1,56270000.0
Hyderabad,HITECH City,Villa,4,5,4384,15,16,1,1,27510000.0
Bangalore,Whitefield,Commercial Property,0,1,2467,16,17,9,1,16140000.0
Hyderabad,Gachibowli,Apartment,3,3,4061,3,12,1,0,25560000.0
Bangalore,Indiranagar,Commercial Property,0,1,1469,14,12,0,1,9930000.0
Hyderabad,Jubilee Hills,Commercial Property,0,1,1805,16,7,7,0,15790000.0
Hyderabad,Banjara Hills,Villa,1,2,536,17,21,3,1,3220000.0
Hyderabad,HITECH City,Apartment,3,2,2349,21,6,3,0,13780000.0
Mumbai,Bandra,Commercial Property,0,1,4354,14,21,9,0,108580000.0
Mumbai,Worli,Independent House,3,3,1936,17,20,5,1,35540000.0
Bangalore,Koramangala,Independent House,5,6,1765,14,20,3,0,19000000.0
Hyderabad,Kondapur,Apartment,1,1,1639,3,11,1,1,9460000.0
Hyderabad,HITECH City,Independent House,3,3,782,12,4,8,0,6030000.0
Mumbai,Juhu,Independent House,4,4,3544,24,3,5,1,70130000.0
Bangalore,Indiranagar,Independent House,1,2,4013,6,14,9,0,27360000.0
Chennai,Anna Nagar,Commercial Property,0,1,635,9,16,6,1,4000000.0
Chennai,ECR,Apartment,4,3,1305,12,17,0,1,8550000.0
Mumbai,Andheri,Independent House,2,1,2287,17,10,2,1,41500000.0
Bangalore,Electronic City,Commercial Property,0,1,1061,16,10,4,0,6940000.0
Delhi,Rohini,Commercial Property,0,1,3885,8,14,9,1,43780000.0
Delhi,Vasant Kunj,Independent House,3,2,2305,16,13,8,0,24710000.0
Chennai,Velachery,Villa,3,2,3830,1,8,8,0,20700000.0
Bangalore,Indiranagar,Villa,4,3,1488,24,6,9,1,11940000.0
Delhi,Dwarka,Apartment,5,4,2879,23,20,8,0,31660000.0
Mumbai,Worli,Independent House,3,4,1361,20,12,2,0,27260000.0
Bangalore,Koramangala,Apartment,4,4,3371,22,1,1,1,36090000.0
Chennai,Anna Nagar,Villa,2,3,4268,12,1,8,0,22310000.0
Hyderabad,Kondapur,Apartment,4,4,4077,2,20,9,1,26370000.0
Hyderabad,Kondapur,Independent House,3,3,1140,5,11,1,0,7080000.0
Hyderabad,Kondapur,Apartment,2,1,3846,3,13,1,1,24390000.0
Hyderabad,Jubilee Hills,Commercial Property,0,1,2340,0,6,2,1,21160000.0
Chennai,ECR,Villa,2,3,803,6,17,3,1,5430000.0
Delhi,Rohini,Apartment,1,2,1212,0,16,1,1,14720000.0
Bangalore,Indiranagar,Commercial Property,0,1,2826,21,11,2,1,19240000.0
Mumbai,Bandra,Villa,4,5,4482,16,11,4,1,105020000.0
Bangalore,Whitefield,Commercial Property,0,1,3197,4,20,4,1,22100000.0
Hyderabad,HITECH City,Apartment,4,3,3800,23,12,0,1,23740000.0
Delhi,Vasant Kunj,Apartment,1,1,1879,13,19,6,0,20770000.0
Delhi,Saket,Villa,2,2,3440,3,17,0,1,37370000.0
Hyderabad,Banjara Hills,Villa,5,6,4430,23,4,2,1,30070000.0
Delhi,Connaught Place,Commercial Property,0,1,1333,12,8,8,0,21760000.0
Delhi,Rohini,Commercial Property,0,1,3022,3,16,6,0,35590000.0
Hyderabad,Gachibowli,Commercial Property,0,1,2785,6,22,6,0,16710000.0
Bangalore,Koramangala,Villa,2,3,4433,6,7,4,0,47020000.0
Hyderabad,HITECH City,Commercial Property,0,1,3987,16,6,8,1,23400000.0
Mumbai,Worli,Independent House,3,3,977,24,8,9,1,18570000.0
Hyderabad,Banjara Hills,Independent House,1,1,756,24,2,0,1,4760000.0
Mumbai,Worli,Commercial Property,0,1,1808,1,21,9,1,32820000.0
Chennai,ECR,Villa,4,3,1802,11,1,0,0,10160000.0
Bangalore,Indiranagar,Commercial Property,0,1,2716,11,4,3,0,17450000.0
Chennai,OMR,Apartment,4,3,4073,9,2,4,1,21440000.0
Chennai,OMR,Apartment,5,4,630,3,4,6,1,5290000.0
Mumbai,Andheri,Apartment,5,4,2207,9,7,2,0,44900000.0
Delhi,Rohini,Commercial Property,0,1,4385,11,21,4,1,49430000.0
Bangalore,HSR Layout,Independent House,3,2,3619,11,23,1,1,27690000.0
Hyderabad,HITECH City,Villa,4,4,1489,12,10,0,1,8850000.0
Bangalore,Whitefield,Apartment,1,2,768,15,5,3,1,5460000.0
Bangalore,Koramangala,Villa,4,5,980,20,20,3,0,9580000.0
Mumbai,Juhu,Villa,4,3,3017,17,16,2,0,58630000.0
Delhi,Rohini,Villa,4,3,1875,1,12,4,0,20220000.0
Chennai,Anna Nagar,Independent House,5,6,3679,15,24,0,0,22170000.0
Chennai,Velachery,Villa,1,2,894,16,12,1,1,4500000.0
Delhi,Rohini,Apartment,1,1,2410,7,20,7,1,26500000.0
Delhi,Saket,Apartment,1,2,687,3,7,4,0,7390000.0
Bangalore,Electronic City,Villa,2,2,4105,24,22,3,0,29820000.0
Chennai,Velachery,Independent House,1,1,2274,9,2,3,0,13420000.0
Hyderabad,Jubilee Hills,Apartment,2,2,2595,8,1,8,1,21580000.0
Hyderabad,Gachibowli,Villa,2,3,1384,11,11,5,0,9070000.0
Bangalore,Whitefield,Villa,3,3,658,0,24,0,1,5550000.0
Mumbai,Powai,Commercial Property,0,1,3089,22,2,6,1,57080000.0
Mumbai,Powai,Villa,3,3,4499,10,4,0,1,84550000.0
Bangalore,Electronic City,Independent House,2,3,3418,9,20,8,1,24800000.0
Mumbai,Worli,Apartment,4,4,2958,5,22,9,1,57930000.0
Bangalore,Whitefield,Apartment,3,4,1892,17,11,2,1,13990000.0
Chennai,Velachery,Apartment,3,4,1958,8,3,6,1,12300000.0
Bangalore,Indiranagar,Apartment,2,1,1402,16,23,1,1,9250000.0
Hyderabad,Banjara Hills,Independent House,1,1,2664,9,21,8,1,15710000.0
Hyderabad,Gachibowli,Independent House,3,3,2472,18,5,8,0,16690000.0
Delhi,Dwarka,Independent House,5,5,1711,17,1,7,1,19350000.0
Delhi,Dwarka,Commercial Property,0,1,2676,18,21,9,0,32110000.0
Delhi,Vasant Kunj,Villa,5,5,1643,7,10,3,1,18670000.0
Hyderabad,HITECH City,Independent House,2,3,2535,10,5,2,0,14650000.0
Bangalore,HSR Layout,Apartment,2,2,2811,0,6,9,0,18990000.0
Mumbai,Bandra,Apartment,2,2,4223,17,21,4,0,105700000.0
Chennai,Velachery,Commercial Property,0,1,1083,16,9,5,0,5720000.0
Mumbai,Bandra,Commercial Property,0,1,2741,6,15,1,1,64340000.0
Bangalore,Indiranagar,Independent House,3,3,2463,13,4,5,0,17720000.0
Bangalore,Indiranagar,Villa,3,2,2463,18,23,6,0,16430000.0
Delhi,Rohini,Villa,3,2,3373,4,17,2,0,41060000.0
Chennai,Anna Nagar,Apartment,5,6,1708,5,17,5,0,11770000.0
Delhi,Rohini,Independent House,5,4,3789,10,8,7,0,40240000.0
Hyderabad,Banjara Hills,Apartment,1,2,3402,12,9,1,0,19810000.0
Delhi,Vasant Kunj,Independent House,2,3,2342,18,24,8,1,26060000.0
Bangalore,Koramangala,Independent House,2,1,3537,24,6,8,1,32980000.0
Mumbai,Bandra,Independent House,4,3,4379,16,9,8,0,102690000.0
Chennai,ECR,Independent House,4,4,3873,5,17,1,1,20310000.0
Delhi,Vasant Kunj,Apartment,4,3,1650,23,6,0,0,19010000.0
Mumbai,Bandra,Independent House,1,1,1114,20,13,0,1,26980000.0
Delhi,Connaught Place,Apartment,4,3,2024,14,10,2,0,33450000.0
Hyderabad,Banjara Hills,Apartment,1,1,1413,14,2,0,1,8650000.0
Bangalore,Koramangala,Apartment,5,6,2279,10,6,7,1,24980000.0
Chennai,Adyar,Commercial Property,0,1,2915,18,2,2,1,22890000.0
Delhi,Connaught Place,Commercial Property,0,1,4345,24,22,2,0,65450000.0
Bangalore,Electronic City,Apartment,2,2,1078,23,15,0,0,7620000.0
Mumbai,Worli,Commercial Property,0,1,1675,15,15,5,0,32960000.0
Mumbai,Worli,Commercial Property,0,1,2387,3,5,4,1,44230000.0
Bangalore,Electronic City,Commercial Property,0,1,888,2,23,9,0,7150000.0
Bangalore,Indiranagar,Commercial Property,0,1,3976,1,22,7,0,26470000.0
Delhi,Saket,Commercial Property,0,1,4165,20,23,0,1,42090000.0
Delhi,Vasant Kunj,Independent House,3,2,562,23,7,1,0,6020000.0
Hyderabad,HITECH City,Commercial Property,0,1,3530,18,1,0,0,20590000.0
Chennai,Adyar,Commercial Property,0,1,2716,11,9,1,0,22380000.0
Mumbai,Bandra,Villa,2,3,1042,19,2,2,1,27990000.0
Chennai,Velachery,Villa,3,2,903,19,9,7,1,5340000.0
Chennai,OMR,Apartment,5,6,1742,20,5,2,0,10570000.0
Chennai,Velachery,Villa,4,5,4281,0,21,6,1,25370000.0
Delhi,Dwarka,Commercial Property,0,1,3151,0,1,3,1,36230000.0
Chennai,Velachery,Independent House,3,2,2444,9,12,8,0,14030000.0
Delhi,Vasant Kunj,Apartment,2,1,2756,2,23,0,0,29340000.0
Delhi,Connaught Place,Independent House,3,3,4152,18,11,6,0,59670000.0
Mumbai,Worli,Commercial Property,0,1,562,11,18,0,0,8860000.0
Bangalore,Indiranagar,Apartment,2,1,1200,24,13,4,0,8780000.0
Mumbai,Bandra,Villa,5,4,4298,10,24,7,0,99770000.0
Delhi,Rohini,Villa,1,2,2275,14,15,7,1,23810000.0
Hyderabad,Gachibowli,Commercial Property,0,1,2935,22,13,0,0,15770000.0
Bangalore,HSR Layout,Apartment,4,3,4202,23,18,3,1,31890000.0
Delhi,Rohini,Villa,3,3,1108,14,18,2,0,11860000.0
Hyderabad,Jubilee Hills,Commercial Property,0,1,2889,2,22,6,1,25140000.0
Chennai,Adyar,Independent House,4,5,1164,17,9,2,1,9490000.0
Chennai,Adyar,Independent House,2,3,1033,17,16,1,1,8160000.0
Mumbai,Andheri,Independent House,2,1,1264,4,2,2,1,22030000.0
Bangalore,Koramangala,Villa,4,4,3980,19,21,6,1,37470000.0
Bangalore,Whitefield,Apartment,5,5,2982,9,24,2,1,21130000.0
Mumbai,Juhu,Independent House,3,3,3466,20,16,1,0,61750000.0
Delhi,Vasant Kunj,Villa,5,6,1857,18,5,3,0,23150000.0
Delhi,Rohini,Independent House,1,1,4124,12,10,3,0,42680000.0
Hyderabad,Banjara Hills,Commercial Property,0,1,3754,4,22,5,1,21540000.0
Bangalore,Electronic City,Apartment,5,4,2060,12,24,3,0,15480000.0
Chennai,ECR,Independent House,5,6,2573,21,10,4,0,15940000.0
Mumbai,Powai,Villa,5,6,1332,2,3,3,1,26620000.0
Hyderabad,HITECH City,Independent House,1,2,2276,7,8,2,1,14250000.0
Chennai,Adyar,Apartment,5,6,3051,18,21,2,0,22370000.0
Delhi,Connaught Place,Villa,3,4,1619,4,8,7,0,28260000.0
Mumbai,Juhu,Commercial Property,0,1,2717,17,18,8,0,50790000.0
Delhi,Vasant Kunj,Commercial Property,0,1,2419,2,6,3,1,24850000.0
Chennai,Adyar,Apartment,1,1,2311,13,22,3,0,17050000.0
Chennai,Anna Nagar,Villa,1,1,1435,21,1,3,0,7230000.0
Chennai,Anna Nagar,Commercial Property,0,1,4493,8,20,7,0,24460000.0
Delhi,Vasant Kunj,Villa,1,1,1468,4,6,2,1,15960000.0
Hyderabad,Banjara Hills,Commercial Property,0,1,4319,4,10,8,0,25080000.0
Hyderabad,HITECH City,Apartment,2,2,1269,3,8,0,0,7900000.0
Bangalore,Koramangala,Apartment,2,1,2154,23,21,0,1,20300000.0
Mumbai,Worli,Independent House,1,1,3282,9,15,3,1,56620000.0
Hyderabad,Jubilee Hills,Apartment,4,4,4272,10,17,9,1,34280000.0
Hyderabad,Gachibowli,Commercial Property,0,1,3865,24,5,3,1,23620000.0
Mumbai,Juhu,Apartment,2,2,2352,2,16,6,0,40590000.0
Chennai,Anna Nagar,Villa,3,3,4238,13,15,2,1,25110000.0
Delhi,Vasant Kunj,Apartment,2,1,3970,12,20,7,1,42450000.0
Mumbai,Bandra,Commercial Property,0,1,2141,7,1,9,1,50470000.0
Mumbai,Andheri,Independent House,3,4,4367,13,6,6,1,78470000.0
Hyderabad,Gachibowli,Villa,1,2,1062,16,12,9,1,6900000.0
Chennai,ECR,Commercial Property,0,1,1964,2,21,2,1,11720000.0
Delhi,Dwarka,Villa,3,4,4042,22,2,8,0,48940000.0
Mumbai,Andheri,Independent House,5,6,3256,10,24,6,1,60820000.0
Chennai,Velachery,Apartment,1,1,4125,7,8,6,1,20980000.0
Chennai,OMR,Commercial Property,0,1,1130,4,5,3,0,6480000.0
Bangalore,Electronic City,Commercial Property,0,1,2907,0,4,2,0,20120000.0
Hyderabad,Banjara Hills,Commercial Property,0,1,1023,19,1,6,0,5560000.0
Mumbai,Bandra,Independent House,3,2,521,5,22,1,1,13060000.0
Hyderabad,Kondapur,Commercial Property,0,1,3817,14,21,3,0,21570000.0
Hyderabad,HITECH City,Independent House,1,2,2994,13,19,1,1,18170000.0
Hyderabad,HITECH City,Villa,5,5,1976,6,1,2,1,14060000.0
Mumbai,Powai,Independent House,4,5,4397,24,1,7,0,83030000.0
Hyderabad,Gachibowli,Commercial Property,0,1,2762,23,6,5,0,16560000.0
Hyderabad,Gachibowli,Independent House,4,3,1200,4,3,3,0,8730000.0
Delhi,Vasant Kunj,Villa,3,3,2409,22,16,0,1,27450000.0
Chennai,Anna Nagar,Villa,2,2,805,19,6,3,0,4230000.0
Delhi,Rohini,Independent House,5,6,2291,11,20,2,1,28640000.0
Bangalore,Whitefield,Independent House,5,5,3645,16,15,2,0,28960000.0
Mumbai,Bandra,Apartment,1,2,3368,17,12,0,0,83190000.0
Delhi,Vasant Kunj,Independent House,3,4,3961,5,15,6,0,41090000.0
Chennai,Velachery,Villa,5,4,3880,18,8,7,1,22190000.0
Hyderabad,Jubilee Hills,Apartment,3,4,746,13,9,8,0,6630000.0
Delhi,Connaught Place,Independent House,5,4,711,11,17,1,1,11630000.0
Bangalore,Indiranagar,Independent House,4,3,3957,16,10,8,0,30140000.0
Mumbai,Bandra,Independent House,1,1,2858,5,16,1,1,72260000.0
Delhi,Saket,Independent House,4,4,3592,4,15,6,1,37090000.0
Chennai,Anna Nagar,Independent House,5,4,2347,9,8,5,1,14480000.0
Delhi,Vasant Kunj,Villa,2,1,1329,2,19,5,1,15490000.0
Hyderabad,Kondapur,Villa,5,5,2609,22,12,3,1,16460000.0
Delhi,Saket,Commercial Property,0,1,2636,13,23,1,0,29630000.0
Mumbai,Juhu,Villa,4,4,1467,5,15,8,0,29100000.0
Delhi,Vasant Kunj,Independent House,5,5,2159,12,13,7,0,25570000.0
Hyderabad,Banjara Hills,Commercial Property,0,1,750,6,15,7,0,5070000.0
Delhi,Vasant Kunj,Independent House,5,4,3717,19,14,1,0,42460000.0
Mumbai,Juhu,Independent House,1,1,3420,21,14,4,0,64190000.0
Chennai,ECR,Apartment,4,5,3684,1,19,3,0,19650000.0
Chennai,Anna Nagar,Villa,1,1,578,19,12,2,1,3230000.0
Mumbai,Bandra,Commercial Property,0,1,533,18,24,9,1,14910000.0
Bangalore,Indiranagar,Independent House,2,3,3687,19,10,7,1,24950000.0
Mumbai,Powai,Apartment,2,1,2690,20,3,3,1,45610000.0
Hyderabad,HITECH City,Apartment,3,4,4387,21,20,4,1,28570000.0
Bangalore,Whitefield,Independent House,4,4,1150,21,12,1,1,9400000.0
Chennai,Velachery,Apartment,1,1,730,16,9,6,0,4380000.0
Hyderabad,Banjara Hills,Villa,1,2,1342,19,9,7,1,8200000.0
Chennai,OMR,Villa,2,2,2472,7,3,5,1,13010000.0
Delhi,Connaught Place,Independent House,4,5,2158,3,21,8,1,36770000.0
Hyderabad,Banjara Hills,Commercial Property,0,1,3021,20,18,5,0,17450000.0
Hyderabad,Kondapur,Apartment,1,1,1355,17,4,1,1,8410000.0
Delhi,Connaught Place,Villa,3,3,847,14,14,2,1,14980000.0
Chennai,Anna Nagar,Villa,4,3,4174,2,13,7,1,22770000.0
Hyderabad,Jubilee Hills,Apartment,4,4,4277,19,22,4,0,35740000.0
Hyderabad,Gachibowli,Apartment,3,4,2746,12,13,0,0,15390000.0
Bangalore,Whitefield,Villa,1,1,3840,3,9,3,1,29870000.0
Mumbai,Andheri,Independent House,2,3,3900,14,17,6,1,66150000.0
Bangalore,HSR Layout,Independent House,5,5,2611,7,2,1,0,20000000.0
Delhi,Rohini,Independent House,3,2,1339,6,13,0,1,15110000.0
Mumbai,Worli,Villa,2,2,1388,22,16,0,1,23890000.0
Delhi,Connaught Place,Apartment,1,2,1817,9,22,1,0,26260000.0
Delhi,Connaught Place,Apartment,3,3,4324,20,13,9,1,63240000.0
Delhi,Dwarka,Apartment,2,2,3178,10,13,2,0,37720000.0
Hyderabad,Kondapur,Independent House,3,4,1600,4,12,5,1,9680000.0
Chennai,Velachery,Apartment,5,4,1744,21,22,0,0,10100000.0
Mumbai,Powai,Apartment,4,3,4409,0,16,3,0,80640000.0
Mumbai,Powai,Apartment,1,2,1904,16,20,5,0,36610000.0
Bangalore,Whitefield,Commercial Property,0,1,2193,10,23,3,1,14530000.0
Chennai,OMR,Commercial Property,0,1,1529,17,2,3,0,8400000.0
Bangalore,Indiranagar,Commercial Property,0,1,2235,9,10,1,1,14080000.0
Mumbai,Bandra,Commercial Property,0,1,1053,11,18,6,1,24290000.0
Bangalore,Koramangala,Villa,1,2,669,1,8,7,0,6810000.0
Delhi,Dwarka,Commercial Property,0,1,4260,8,19,0,1,48920000.0
Mumbai,Juhu,Commercial Property,0,1,3817,6,20,7,1,75840000.0
Mumbai,Andheri,Villa,4,5,4303,22,6,1,1,72300000.0
Chennai,Adyar,Independent House,2,1,3511,5,3,2,0,25790000.0
Bangalore,HSR Layout,Villa,4,4,4299,8,15,7,0,32570000.0
Mumbai,Andheri,Villa,4,3,2417,5,21,8,1,44460000.0
Delhi,Rohini,Villa,5,6,2278,0,22,1,1,28870000.0
Mumbai,Andheri,Villa,2,1,3952,7,17,6,0,76610000.0
Bangalore,Electronic City,Villa,1,1,1835,5,22,0,0,12280000.0
Delhi,Connaught Place,Villa,2,1,3742,3,21,4,1,53910000.0
Chennai,Velachery,Commercial Property,0,1,3445,8,23,8,0,20040000.0
Chennai,Velachery,Apartment,3,2,3277,3,10,2,1,18920000.0
Chennai,Adyar,Villa,5,6,2182,7,10,0,0,17580000.0
Bangalore,Electronic City,Commercial Property,0,1,3356,9,6,4,1,25190000.0
Chennai,OMR,Commercial Property,0,1,1883,2,13,2,1,9920000.0
Delhi,Dwarka,Villa,2,1,3406,20,20,0,0,34700000.0
Delhi,Rohini,Independent House,2,3,2643,17,5,1,1,26600000.0
Hyderabad,Kondapur,Commercial Property,0,1,1005,7,16,6,0,6200000.0
Bangalore,Indiranagar,Villa,1,1,1026,8,17,6,1,8160000.0
Mumbai,Juhu,Apartment,2,2,563,9,10,5,0,10540000.0
Mumbai,Juhu,Commercial Property,0,1,1998,20,2,1,0,34310000.0
Chennai,Anna Nagar,Apartment,4,5,892,9,17,1,1,5350000.0
Bangalore,HSR Layout,Independent House,4,5,1332,11,2,0,0,10840000.0
Mumbai,Bandra,Commercial Property,0,1,1805,13,4,4,0,42100000.0
Hyderabad,Gachibowli,Apartment,5,6,2670,4,9,2,0,18770000.0
Delhi,Rohini,Villa,3,4,3278,17,21,9,0,34200000.0
Bangalore,Indiranagar,Villa,1,2,1088,7,21,4,1,7560000.0
Hyderabad,Jubilee Hills,Commercial Property,0,1,4489,8,13,2,1,39630000.0
Mumbai,Bandra,Villa,5,5,1857,14,10,9,0,49570000.0
Delhi,Connaught Place,Independent House,3,2,1730,17,7,5,0,27450000.0
Delhi,Vasant Kunj,Commercial Property,0,1,2070,4,3,4,0,22170000.0
Bangalore,Koramangala,Commercial Property,0,1,3221,13,11,8,0,30930000.0
Chennai,ECR,Apartment,1,1,3065,1,3,7,0,15720000.0
Bangalore,Whitefield,Commercial Property,0,1,1183,13,19,5,1,8250000.0
Hyderabad,Gachibowli,Independent House,1,1,3066,8,4,8,0,20460000.0
Bangalore,Electronic City,Independent House,3,3,2731,22,9,7,0,17920000.0
Bangalore,Electronic City,Villa,2,2,782,21,7,5,1,6260000.0
Mumbai,Juhu,Commercial Property,0,1,2442,24,2,7,0,47780000.0
Delhi,Connaught Place,Independent House,3,3,1113,15,10,8,0,19210000.0
Bangalore,HSR Layout,Independent House,4,5,831,12,4,8,1,7730000.0
Hyderabad,Kondapur,Apartment,2,3,1634,20,22,6,1,9320000.0
Bangalore,Koramangala,Independent House,1,1,2321,10,20,4,1,23340000.0
Mumbai,Powai,Villa,5,4,3663,17,1,5,0,61010000.0
Hyderabad,Banjara Hills,Apartment,3,3,3015,24,21,5,0,18700000.0
Mumbai,Bandra,Villa,4,4,2622,11,16,2,0,72700000.0
Mumbai,Worli,Independent House,4,5,4379,2,2,5,1,82390000.0
Hyderabad,Gachibowli,Commercial Property,0,1,3649,17,2,0,1,23540000.0
Chennai,Adyar,Independent House,4,5,2865,11,23,0,0,20990000.0
Mumbai,Powai,Commercial Property,0,1,4334,9,19,5,0,73330000.0
Chennai,OMR,Independent House,1,2,1760,20,3,1,0,9330000.0
Hyderabad,Jubilee Hills,Independent House,2,1,3839,11,1,3,1,32280000.0
Delhi,Connaught Place,Villa,1,1,2670,9,4,5,1,41160000.0
Bangalore,HSR Layout,Independent House,1,2,4265,20,16,7,1,32200000.0
Bangalore,Whitefield,Villa,5,4,1662,12,15,5,1,12970000.0
Delhi,Dwarka,Commercial Property,0,1,1525,11,16,2,1,17340000.0
Delhi,Rohini,Villa,1,1,1699,8,24,3,1,18510000.0
Hyderabad,Gachibowli,Commercial Property,0,1,2830,10,7,0,1,17250000.0
Bangalore,Koramangala,Villa,3,3,1421,22,9,4,1,15220000.0
Chennai,Adyar,Villa,1,1,1695,21,14,9,1,13700000.0
Chennai,Adyar,Villa,2,3,1604,1,19,6,1,12750000.0
Bangalore,Koramangala,Commercial Property,0,1,2147,14,8,9,0,21100000.0
Delhi,Vasant Kunj,Villa,2,2,2222,5,17,4,0,24460000.0
Delhi,Saket,Apartment,4,3,1406,10,6,6,1,15370000.0
Chennai,Adyar,Villa,4,4,3168,8,1,5,1,25880000.0
Mumbai,Worli,Villa,3,3,1875,16,21,5,1,37590000.0
Hyderabad,HITECH City,Commercial Property,0,1,1072,13,19,2,0,6490000.0
Hyderabad,Banjara Hills,Independent House,2,3,1429,22,5,0,0,7830000.0
Bangalore,HSR Layout,Commercial Property,0,1,1739,10,18,1,1,12550000.0
Chennai,Adyar,Villa,2,3,2469,0,19,9,0,21240000.0
Chennai,ECR,Apartment,2,1,2892,23,10,5,0,14750000.0
Hyderabad,Banjara Hills,Independent House,5,4,3556,3,18,9,0,24350000.0
Mumbai,Powai,Villa,5,4,3771,19,19,0,1,74670000.0
Bangalore,Koramangala,Villa,1,1,1482,24,5,0,0,14720000.0
Bangalore,HSR Layout,Apartment,4,3,1845,22,16,1,1,13790000.0
Bangalore,Koramangala,Villa,3,2,2060,15,22,8,1,22760000.0
Hyderabad,Kondapur,Commercial Property,0,1,4249,9,8,2,1,24560000.0
Chennai,Velachery,Commercial Property,0,1,3238,12,18,3,0,18150000.0
Delhi,Rohini,Commercial Property,0,1,949,13,3,5,1,10450000.0
Chennai,Anna Nagar,Apartment,1,1,3620,0,10,6,1,18970000.0
Mumbai,Bandra,Independent House,4,5,578,16,18,6,0,16170000.0
Hyderabad,Gachibowli,Commercial Property,0,1,3171,15,19,8,0,17680000.0
Mumbai,Andheri,Apartment,5,6,1006,8,1,3,0,18470000.0
Bangalore,HSR Layout,Independent House,3,4,2232,23,10,7,0,16870000.0
Hyderabad,Kondapur,Apartment,2,2,4398,11,13,5,1,25980000.0
Chennai,Adyar,Apartment,5,4,2558,10,8,5,0,20890000.0
Delhi,Connaught Place,Independent House,5,5,3241,15,12,0,1,46240000.0
Delhi,Dwarka,Apartment,1,1,2894,24,16,3,1,33440000.0
Mumbai,Powai,Commercial Property,0,1,4275,17,15,8,1,70870000.0
Bangalore,Electronic City,Commercial Property,0,1,4304,7,3,1,0,27220000.0
Bangalore,Whitefield,Apartment,3,3,672,22,20,0,0,4930000.0
Delhi,Vasant Kunj,Villa,5,4,2600,15,16,5,0,28790000.0
Bangalore,Electronic City,Villa,5,6,792,11,6,9,0,7520000.0
Bangalore,Indiranagar,Independent House,2,3,3611,10,4,8,1,27540000.0
Hyderabad,Jubilee Hills,Villa,3,2,2304,4,18,6,1,19820000.0
Delhi,Vasant Kunj,Commercial Property,0,1,1810,18,1,4,0,21480000.0
Chennai,OMR,Independent House,5,4,2120,24,10,7,0,12310000.0
Delhi,Vasant Kunj,Villa,4,3,3005,3,15,2,1,36030000.0
Hyderabad,Gachibowli,Commercial Property,0,1,878,21,2,3,1,5340000.0
Bangalore,Koramangala,Villa,1,1,3934,13,10,2,1,35660000.0
Bangalore,Indiranagar,Independent House,3,4,1570,7,14,0,0,11740000.0
Hyderabad,Banjara Hills,Villa,3,4,2647,20,3,3,0,16460000.0
Chennai,Velachery,Commercial Property,0,1,3309,2,18,6,1,19680000.0
Hyderabad,HITECH City,Commercial Property,0,1,3717,20,13,9,0,23120000.0
Chennai,Velachery,Independent House,1,2,3905,10,7,7,1,20440000.0
Hyderabad,Kondapur,Apartment,3,4,2201,9,23,0,1,12670000.0
Chennai,Velachery,Independent House,5,4,1350,9,16,0,1,8760000.0
Hyderabad,Jubilee Hills,Villa,2,2,2648,0,10,9,0,24740000.0
Chennai,Adyar,Independent House,4,3,4121,19,17,6,0,29430000.0
Chennai,ECR,Commercial Property,0,1,2132,0,7,5,0,12120000.0
Hyderabad,HITECH City,Apartment,2,3,3177,17,19,3,0,20270000.0
Mumbai,Andheri,Commercial Property,0,1,1884,22,1,5,1,34070000.0
Delhi,Dwarka,Independent House,5,5,2244,14,20,3,0,23780000.0
Mumbai,Andheri,Commercial Property,0,1,1076,23,24,2,1,19920000.0
Delhi,Connaught Place,Villa,5,4,3127,12,17,0,0,53590000.0
Chennai,Velachery,Independent House,4,4,2214,10,12,7,0,13100000.0
Bangalore,Electronic City,Commercial Property,0,1,4279,11,16,9,0,31480000.0
Hyderabad,Gachibowli,Independent House,2,3,4230,13,21,4,1,23860000.0
Chennai,Adyar,Apartment,2,1,1150,5,2,0,0,8540000.0
Mumbai,Juhu,Independent House,4,5,3991,7,7,9,0,67470000.0
Hyderabad,Kondapur,Commercial Property,0,1,2244,21,17,0,1,13770000.0
Hyderabad,Banjara Hills,Independent House,4,4,3961,4,9,5,1,25520000.0
Mumbai,Juhu,Independent House,2,1,4370,18,19,7,1,73970000.0
Delhi,Dwarka,Independent House,1,2,1794,18,2,9,0,18050000.0
Delhi,Rohini,Villa,3,2,2181,16,2,2,0,23520000.0
Bangalore,Electronic City,Commercial Property,0,1,2603,22,12,3,0,18440000.0
Mumbai,Bandra,Commercial Property,0,1,3074,15,13,8,1,82750000.0
Chennai,Anna Nagar,Commercial Property,0,1,4123,5,10,6,0,24190000.0
Delhi,Rohini,Commercial Property,0,1,3155,6,17,9,1,34880000.0
Mumbai,Powai,Independent House,4,3,3415,13,1,7,0,58080000.0
Delhi,Dwarka,Villa,4,4,1079,13,19,8,1,11920000.0
Mumbai,Worli,Villa,1,2,1441,14,11,5,1,26580000.0
Delhi,Vasant Kunj,Independent House,5,4,560,16,23,2,1,7290000.0
Chennai,Adyar,Independent House,2,2,2660,8,22,5,1,19490000.0
Chennai,Adyar,Apartment,2,2,1762,8,19,9,1,13450000.0
Mumbai,Juhu,Independent House,4,5,2239,15,6,8,0,37980000.0
Delhi,Dwarka,Apartment,3,3,1850,9,12,9,0,22840000.0
Chennai,ECR,Commercial Property,0,1,2914,7,12,3,1,17610000.0
Bangalore,Electronic City,Apartment,3,3,919,16,16,2,0,6420000.0
Mumbai,Juhu,Independent House,1,1,1644,21,13,6,0,27800000.0
Mumbai,Powai,Commercial Property,0,1,1820,16,4,3,0,29440000.0
Chennai,ECR,Commercial Property,0,1,4181,23,15,0,0,23670000.0
Delhi,Saket,Independent House,2,1,1409,18,16,9,0,14410000.0
Chennai,Velachery,Villa,5,6,614,21,22,1,1,4250000.0
Hyderabad,Kondapur,Commercial Property,0,1,3515,21,10,6,0,21610000.0
Chennai,ECR,Apartment,2,2,3035,22,11,3,0,15280000.0
Bangalore,Koramangala,Commercial Property,0,1,4208,19,14,4,1,40050000.0
Mumbai,Bandra,Commercial Property,0,1,3211,21,23,9,0,83480000.0
Delhi,Vasant Kunj,Apartment,3,3,3393,22,6,0,1,36710000.0
Bangalore,HSR Layout,Independent House,3,4,2475,0,4,7,1,17280000.0
Bangalore,HSR Layout,Independent House,5,6,2565,6,15,5,1,18880000.0
Chennai,Adyar,Apartment,2,1,3694,18,9,0,1,28780000.0
Bangalore,Indiranagar,Independent House,3,4,1135,20,23,4,1,7710000.0
Hyderabad,Gachibowli,Commercial Property,0,1,2613,18,11,3,0,13950000.0
Chennai,Adyar,Independent House,5,6,2333,23,16,8,0,20240000.0
Chennai,OMR,Independent House,3,4,2287,6,20,8,0,13650000.0
Hyderabad,Banjara Hills,Commercial Property,0,1,4151,11,17,0,1,22620000.0
Delhi,Dwarka,Independent House,5,6,709,7,7,8,1,9630000.0
Hyderabad,Kondapur,Independent House,1,1,3661,4,22,2,1,22620000.0
Chennai,ECR,Villa,2,1,1866,11,19,5,1,10200000.0
Bangalore,HSR Layout,Independent House,3,3,3857,8,18,2,0,26850000.0
Mumbai,Bandra,Commercial Property,0,1,934,12,4,9,0,22620000.0
Mumbai,Andheri,Commercial Property,0,1,3846,13,15,0,0,70810000.0
Mumbai,Worli,Apartment,4,4,632,8,20,1,0,13450000.0
Bangalore,Indiranagar,Independent House,5,5,4355,20,5,6,0,34100000.0
Mumbai,Bandra,Independent House,3,3,3119,5,3,1,0,85850000.0
Hyderabad,Banjara Hills,Commercial Property,0,1,3507,16,2,1,0,20330000.0
Mumbai,Juhu,Independent House,1,1,2348,0,14,4,1,40180000.0
Delhi,Dwarka,Independent House,3,2,4408,4,19,3,1,51930000.0
Bangalore,Electronic City,Independent House,1,2,3026,24,21,7,0,22810000.0
Mumbai,Bandra,Independent House,1,1,3582,5,9,1,1,88670000.0
Bangalore,HSR Layout,Apartment,3,4,2296,19,21,5,1,18230000.0
Mumbai,Worli,Villa,1,1,3648,21,20,2,0,65040000.0
Mumbai,Powai,Apartment,4,3,3450,16,16,0,0,58330000.0
Bangalore,Indiranagar,Apartment,5,5,3996,12,5,6,1,29210000.0
Bangalore,Whitefield,Apartment,4,4,1966,5,8,7,0,14410000.0
Chennai,Velachery,Apartment,1,2,959,9,10,1,1,5500000.0
Chennai,ECR,Commercial Property,0,1,3410,14,9,7,1,18330000.0
Mumbai,Bandra,Commercial Property,0,1,1273,0,14,3,0,34500000.0
Delhi,Vasant Kunj,Apartment,3,3,2821,12,22,6,1,35060000.0
Delhi,Vasant Kunj,Independent House,2,1,2384,5,18,8,1,27650000.0
Bangalore,HSR Layout,Independent House,3,4,2043,19,18,4,0,14470000.0
Mumbai,Bandra,Commercial Property,0,1,1219,8,17,6,1,33840000.0
Bangalore,Whitefield,Villa,4,3,3554,11,13,7,1,26070000.0
Hyderabad,Jubilee Hills,Commercial Property,0,1,3602,12,12,2,0,29010000.0
Chennai,OMR,Independent House,5,4,1299,5,15,6,1,9060000.0
Delhi,Rohini,Independent House,2,2,1118,13,17,7,0,13510000.0
Bangalore,Whitefield,Commercial Property,0,1,4221,21,8,4,0,29180000.0
Hyderabad,Kondapur,Commercial Property,0,1,2236,21,23,7,0,14130000.0
Mumbai,Worli,Independent House,4,5,3307,11,9,0,0,58210000.0
Hyderabad,Gachibowli,Villa,3,2,1347,3,6,2,0,8320000.0
Bangalore,HSR Layout,Commercial Property,0,1,948,14,10,1,1,5900000.0
Bangalore,HSR Layout,Commercial Property,0,1,794,22,11,9,1,5850000.0
Bangalore,Whitefield,Villa,4,5,3499,1,7,2,1,24130000.0
Delhi,Saket,Independent House,5,5,3760,3,7,6,1,46610000.0
Bangalore,HSR Layout,Villa,1,1,2129,4,1,0,0,15180000.0
Chennai,Adyar,Villa,4,5,953,10,13,7,0,8650000.0
Hyderabad,HITECH City,Commercial Property,0,1,3669,23,23,4,0,23730000.0
Bangalore,Koramangala,Commercial Property,0,1,4056,7,20,8,1,36980000.0
Mumbai,Andheri,Apartment,2,1,784,8,2,8,0,14250000.0
Hyderabad,Gachibowli,Villa,2,1,4444,12,16,4,1,26820000.0
Delhi,Saket,Commercial Property,0,1,2920,22,19,7,1,30430000.0
Chennai,Anna Nagar,Independent House,4,4,3187,15,5,6,0,18710000.0
Chennai,Adyar,Commercial Property,0,1,4056,18,7,2,0,31200000.0
Hyderabad,Gachibowli,Villa,4,5,3160,13,9,9,0,20140000.0
Chennai,OMR,Commercial Property,0,1,4466,16,20,3,0,26240000.0
Mumbai,Juhu,Apartment,1,2,2037,0,12,5,0,37450000.0
Mumbai,Juhu,Apartment,3,2,832,19,23,6,1,14840000.0
Chennai,Velachery,Independent House,1,1,4217,18,1,1,1,23460000.0
Bangalore,Electronic City,Commercial Property,0,1,2633,15,24,3,1,18300000.0
Mumbai,Andheri,Commercial Property,0,1,666,11,8,1,0,11100000.0
Delhi,Connaught Place,Apartment,4,3,1060,3,20,9,1,17790000.0
Chennai,ECR,Apartment,1,1,1013,20,23,6,0,5520000.0
Delhi,Saket,Independent House,2,3,3758,1,16,2,1,43460000.0
Delhi,Rohini,Villa,1,1,2096,12,16,4,0,23640000.0
Mumbai,Bandra,Independent House,2,1,540,7,22,2,1,14600000.0
Hyderabad,HITECH City,Commercial Property,0,1,1732,2,8,5,0,9790000.0
Hyderabad,Gachibowli,Villa,3,3,2340,6,19,6,1,13650000.0
Chennai,ECR,Villa,1,2,3988,7,19,3,1,24230000.0
Delhi,Vasant Kunj,Commercial Property,0,1,1676,20,4,3,0,19680000.0
Bangalore,Koramangala,Commercial Property,0,1,659,11,3,3,0,6060000.0
Hyderabad,Banjara Hills,Commercial Property,0,1,851,18,16,9,1,4900000.0
Hyderabad,Banjara Hills,Commercial Property,0,1,4297,3,1,6,1,23690000.0
Bangalore,Indiranagar,Commercial Property,0,1,1681,20,20,3,1,11670000.0
Bangalore,Electronic City,Independent House,2,3,1108,20,17,3,0,7920000.0
Delhi,Rohini,Independent House,4,3,1505,9,22,5,0,17590000.0
Bangalore,Electronic City,Independent House,2,2,3927,20,21,2,1,29190000.0
Mumbai,Bandra,Commercial Property,0,1,3715,21,20,0,0,93310000.0
Hyderabad,Gachibowli,Independent House,5,5,1772,3,23,4,0,11820000.0
Hyderabad,Jubilee Hills,Villa,4,4,933,11,24,7,0,9690000.0
Chennai,ECR,Apartment,3,2,1684,10,21,3,0,10680000.0
Chennai,ECR,Commercial Property,0,1,4301,1,13,4,0,24760000.0
Hyderabad,Jubilee Hills,Commercial Property,0,1,2402,11,9,4,1,20930000.0
Chennai,OMR,Apartment,3,4,3156,13,1,5,0,18580000.0
Mumbai,Andheri,Commercial Property,0,1,1065,1,24,5,0,18220000.0
Delhi,Connaught Place,Villa,3,4,1601,2,19,5,0,27950000.0
Chennai,OMR,Independent House,3,4,1209,14,4,7,0,7710000.0
Chennai,Adyar,Apartment,1,1,4321,14,24,0,1,35140000.0
Delhi,Vasant Kunj,Independent House,2,2,4279,9,11,4,0,46650000.0
Mumbai,Powai,Independent House,4,4,2138,0,6,7,0,39610000.0
Chennai,OMR,Independent House,3,3,810,10,3,0,1,5250000.0
Mumbai,Juhu,Apartment,2,1,4218,19,11,6,1,82060000.0
Mumbai,Worli,Apartment,3,3,1174,3,8,1,1,20420000.0
Mumbai,Andheri,Apartment,2,1,2905,18,7,7,0,49950000.0
Bangalore,Koramangala,Commercial Property,0,1,4116,9,9,0,0,43680000.0
Delhi,Connaught Place,Independent House,5,5,938,9,14,6,1,14900000.0
Bangalore,Indiranagar,Apartment,1,2,3340,7,24,3,1,25790000.0
Bangalore,HSR Layout,Commercial Property,0,1,2358,17,15,7,1,15670000.0
Mumbai,Andheri,Villa,5,4,4171,14,12,4,1,81580000.0
Mumbai,Juhu,Apartment,3,3,2058,12,3,1,1,37080000.0
Delhi,Vasant Kunj,Villa,3,3,1385,1,17,2,1,14620000.0
Hyderabad,Banjara Hills,Villa,5,4,3517,9,21,8,1,21210000.0
Bangalore,Whitefield,Commercial Property,0,1,2017,16,20,1,1,13830000.0
Chennai,OMR,Commercial Property,0,1,897,1,8,2,1,5310000.0
Hyderabad,Jubilee Hills,Villa,3,3,3029,11,15,0,1,25640000.0
Mumbai,Bandra,Apartment,4,4,2546,17,5,5,0,69540000.0
Chennai,ECR,Villa,3,2,2466,13,1,0,0,13800000.0
Hyderabad,Kondapur,Independent House,5,5,3104,17,3,2,0,19070000.0
Mumbai,Andheri,Apartment,3,2,3026,3,4,7,0,53330000.0
Bangalore,Koramangala,Commercial Property,0,1,2851,4,15,6,1,28630000.0
Chennai,ECR,Commercial Property,0,1,2170,11,9,0,1,10840000.0
Hyderabad,Gachibowli,Independent House,1,2,886,20,11,5,0,5050000.0
Chennai,Adyar,Villa,5,6,1641,7,22,3,1,13830000.0
Hyderabad,Jubilee Hills,Commercial Property,0,1,860,8,23,4,0,6700000.0
Chennai,Anna Nagar,Apartment,3,4,740,20,14,7,1,4430000.0
Delhi,Dwarka,Villa,4,3,1055,8,15,8,0,12720000.0
Delhi,Connaught Place,Commercial Property,0,1,2249,15,19,6,0,34730000.0
Hyderabad,Banjara Hills,Independent House,4,4,982,9,13,8,1,7130000.0
Hyderabad,Kondapur,Apartment,3,3,2297,0,15,6,0,13540000.0
Chennai,Velachery,Commercial Property,0,1,1630,14,20,2,1,9010000.0
Hyderabad,HITECH City,Apartment,5,5,2901,1,15,1,0,18930000.0
Delhi,Rohini,Villa,4,3,893,15,12,8,1,10060000.0
Mumbai,Worli,Villa,3,3,925,19,3,5,0,18610000.0
Bangalore,Indiranagar,Commercial Property,0,1,3332,17,4,6,0,25350000.0
Bangalore,Koramangala,Independent House,5,6,1950,10,1,9,1,21710000.0
Chennai,ECR,Villa,1,1,4011,0,21,5,1,23610000.0
Mumbai,Andheri,Independent House,4,3,3751,13,5,8,1,68450000.0
Chennai,OMR,Apartment,5,4,3975,4,4,1,1,24840000.0
Bangalore,Electronic City,Apartment,3,4,4401,10,10,0,1,33580000.0
Mumbai,Bandra,Apartment,3,2,3983,6,17,3,1,92170000.0
Mumbai,Andheri,Apartment,4,5,601,24,12,8,1,11740000.0
Bangalore,Indiranagar,Apartment,5,4,3914,8,6,1,1,30170000.0
Chennai,ECR,Commercial Property,0,1,3739,5,3,6,1,18810000.0
Hyderabad,Gachibowli,Independent House,3,3,3490,0,10,5,1,22730000.0
Delhi,Vasant Kunj,Commercial Property,0,1,2698,9,14,6,1,30940000.0
Chennai,Adyar,Villa,1,1,4066,5,5,2,0,29310000.0
Mumbai,Andheri,Commercial Property,0,1,3394,20,15,8,0,65160000.0
Hyderabad,Gachibowli,Independent House,4,5,2780,0,16,8,0,19540000.0
Chennai,Adyar,Apartment,4,4,859,15,5,4,0,7470000.0
Hyderabad,Kondapur,Commercial Property,0,1,4357,14,20,9,1,27900000.0
Mumbai,Powai,Independent House,3,2,757,10,14,9,0,15840000.0
Chennai,Velachery,Independent House,2,3,1139,5,22,6,0,7020000.0
Hyderabad,Jubilee Hills,Independent House,4,4,3948,9,18,1,1,35410000.0
Bangalore,Electronic City,Independent House,4,4,558,11,12,7,1,5510000.0
Chennai,OMR,Independent House,5,4,2824,8,8,0,1,17730000.0
Delhi,Saket,Commercial Property,0,1,3937,19,14,5,1,46080000.0
Chennai,Velachery,Villa,3,2,1590,9,20,1,0,9440000.0
Bangalore,Indiranagar,Villa,1,1,3994,14,18,8,1,25690000.0
Bangalore,Electronic City,Commercial Property,0,1,1627,22,12,6,0,11870000.0
Bangalore,Koramangala,Apartment,1,2,1176,19,21,9,1,12170000.0
Bangalore,Indiranagar,Villa,3,3,2895,12,9,1,1,19710000.0
Chennai,OMR,Villa,2,2,2738,8,24,1,0,16700000.0
Mumbai,Bandra,Apartment,1,2,551,11,23,7,0,13950000.0
Hyderabad,Kondapur,Apartment,1,2,2604,21,19,2,1,16800000.0
Chennai,ECR,Commercial Property,0,1,3455,16,23,8,1,18360000.0
Chennai,OMR,Independent House,1,2,2660,5,8,9,0,16160000.0
Hyderabad,Gachibowli,Independent House,1,1,3247,7,3,4,1,21520000.0
Chennai,Anna Nagar,Apartment,4,4,3122,14,19,5,1,16720000.0
Delhi,Vasant Kunj,Commercial Property,0,1,2238,1,22,3,0,25500000.0
Bangalore,Electronic City,Villa,4,5,3350,0,9,8,1,23720000.0
Bangalore,Koramangala,Villa,5,4,1926,14,1,9,0,21330000.0
Mumbai,Juhu,Apartment,4,3,3754,6,12,4,1,64910000.0
Hyderabad,HITECH City,Villa,4,4,3965,3,3,8,0,23380000.0
Hyderabad,Kondapur,Independent House,3,2,3733,23,1,7,0,23660000.0
Delhi,Saket,Villa,2,1,953,0,5,9,0,12260000.0
Delhi,Vasant Kunj,Apartment,2,1,3581,22,12,1,0,38450000.0
Hyderabad,HITECH City,Villa,3,4,2527,24,1,1,1,16000000.0
Bangalore,Whitefield,Villa,3,3,3011,12,16,1,1,22620000.0
Bangalore,Electronic City,Apartment,3,4,3567,20,23,7,0,24390000.0
Chennai,ECR,Villa,2,1,2975,2,5,6,1,17020000.0
Chennai,Velachery,Commercial Property,0,1,1445,2,21,2,0,7960000.0
Hyderabad,Jubilee Hills,Villa,5,6,3919,5,24,3,0,31550000.0
Mumbai,Juhu,Apartment,4,4,4294,9,1,6,0,77750000.0
Delhi,Vasant Kunj,Commercial Property,0,1,2482,16,15,2,0,27560000.0
Mumbai,Juhu,Commercial Property,0,1,4438,0,5,0,1,85430000.0
Mumbai,Andheri,Villa,3,2,1400,22,4,0,1,25460000.0
Chennai,Adyar,Villa,2,1,4259,19,20,1,0,33650000.0
Mumbai,Andheri,Independent House,4,5,1916,21,17,8,0,34480000.0
Mumbai,Bandra,Villa,2,2,1896,23,16,2,0,43060000.0
Hyderabad,Jubilee Hills,Independent House,1,2,2457,24,17,2,1,20660000.0
Bangalore,Whitefield,Commercial Property,0,1,4387,23,18,5,0,27420000.0
Hyderabad,Jubilee Hills,Independent House,2,1,3117,15,22,1,0,24290000.0
Mumbai,Powai,Independent House,3,2,1447,8,15,4,1,28860000.0
Delhi,Rohini,Apartment,2,2,2197,10,10,2,0,26380000.0
Mumbai,Bandra,Independent House,4,3,758,14,14,7,1,21300000.0
Bangalore,Whitefield,Villa,1,1,3650,4,22,1,1,25070000.0
Hyderabad,Gachibowli,Villa,4,5,2139,14,14,4,0,12480000.0
Bangalore,Indiranagar,Apartment,4,5,2540,7,3,2,1,17550000.0
Delhi,Vasant Kunj,Commercial Property,0,1,4134,15,23,5,0,43470000.0
Chennai,Anna Nagar,Villa,3,3,632,4,20,5,0,4610000.0
Bangalore,Indiranagar,Apartment,1,2,4205,3,16,6,1,32720000.0
Hyderabad,Gachibowli,Commercial Property,0,1,4477,6,15,8,0,28680000.0
Bangalore,Whitefield,Apartment,2,3,684,19,3,7,0,5550000.0
Mumbai,Bandra,Apartment,4,3,3204,9,9,5,1,81120000.0
Bangalore,HSR Layout,Commercial Property,0,1,1923,24,22,7,1,13980000.0
Hyderabad,Banjara Hills,Commercial Property,0,1,916,21,18,5,1,5810000.0
Bangalore,Whitefield,Commercial Property,0,1,2444,1,24,5,1,17740000.0
Hyderabad,Banjara Hills,Independent House,4,4,2763,3,5,6,1,16420000.0
Hyderabad,Banjara Hills,Villa,4,3,4040,7,7,4,0,25600000.0
Mumbai,Bandra,Apartment,5,6,2958,18,20,4,0,72870000.0
Hyderabad,HITECH City,Independent House,3,3,2270,9,1,0,1,14140000.0
Chennai,Velachery,Villa,1,2,4407,1,19,9,0,23920000.0
Hyderabad,Banjara Hills,Villa,3,2,957,18,10,7,1,6010000.0
Delhi,Connaught Place,Commercial Property,0,1,3738,4,10,5,0,55700000.0
Delhi,Saket,Villa,2,2,3715,19,8,8,0,39010000.0
Chennai,Adyar,Apartment,4,3,1134,19,14,0,0,9600000.0
Mumbai,Bandra,Apartment,5,6,4294,13,24,4,0,104450000.0
Bangalore,Koramangala,Independent House,4,3,3534,9,18,3,1,33720000.0
Bangalore,Electronic City,Commercial Property,0,1,4132,15,18,6,0,27370000.0
Bangalore,HSR Layout,Independent House,4,3,4071,3,6,2,1,28260000.0
Hyderabad,Banjara Hills,Apartment,5,4,3238,3,24,5,0,18830000.0
Hyderabad,Kondapur,Commercial Property,0,1,3837,2,23,8,0,21260000.0
Mumbai,Worli,Commercial Property,0,1,1357,2,17,8,0,22450000.0
Chennai,ECR,Commercial Property,0,1,1116,1,19,2,1,6160000.0
Mumbai,Andheri,Villa,2,2,953,17,6,5,1,17600000.0
Hyderabad,Kondapur,Independent House,4,3,3054,0,3,1,1,20540000.0
Bangalore,HSR Layout,Villa,4,3,3277,12,15,1,1,22360000.0
Hyderabad,Kondapur,Commercial Property,0,1,3999,22,1,1,0,23960000.0
Bangalore,HSR Layout,Villa,5,6,1053,4,8,5,0,9360000.0
Chennai,OMR,Apartment,1,1,3748,12,22,6,1,21920000.0
Hyderabad,Jubilee Hills,Apartment,5,5,3153,9,10,6,0,28190000.0
Chennai,ECR,Independent House,3,2,822,22,4,1,1,4950000.0
Hyderabad,Gachibowli,Independent House,3,3,4285,19,1,2,1,27150000.0
Hyderabad,HITECH City,Commercial Property,0,1,2096,8,17,5,0,11630000.0
Bangalore,Indiranagar,Independent House,2,2,1897,22,6,2,1,14490000.0
Bangalore,HSR Layout,Commercial Property,0,1,789,15,4,6,1,5690000.0
Delhi,Dwarka,Independent House,1,1,2802,3,14,4,0,28310000.0
Mumbai,Powai,Independent House,3,4,4375,17,14,9,1,77150000.0
Bangalore,Indiranagar,Commercial Property,0,1,3572,18,21,8,0,24630000.0
Delhi,Connaught Place,Apartment,1,1,3597,9,18,8,0,57250000.0
Bangalore,HSR Layout,Villa,3,4,2694,11,18,1,0,20840000.0
Mumbai,Powai,Commercial Property,0,1,1420,10,21,9,1,26200000.0
Bangalore,Whitefield,Villa,5,4,2616,15,5,4,0,19320000.0
Hyderabad,Gachibowli,Commercial Property,0,1,1570,23,22,9,1,9830000.0
Chennai,ECR,Independent House,3,3,3719,2,16,6,1,21900000.0
Chennai,OMR,Apartment,5,6,3601,7,14,9,0,22290000.0
Mumbai,Worli,Villa,3,2,3783,19,13,4,0,65790000.0
Delhi,Vasant Kunj,Apartment,3,4,1243,19,9,5,0,15360000.0
Bangalore,Koramangala,Independent House,3,2,907,12,14,9,0,10060000.0
Chennai,Adyar,Apartment,2,1,3976,2,15,7,1,29070000.0
Chennai,OMR,Commercial Property,0,1,1225,1,9,1,0,6340000.0
Hyderabad,Gachibowli,Commercial Property,0,1,2078,18,5,5,0,11660000.0
Chennai,Anna Nagar,Commercial Property,0,1,3411,11,15,9,1,20310000.0
Mumbai,Andheri,Apartment,3,3,813,7,21,4,1,16650000.0
Bangalore,Electronic City,Apartment,4,4,1250,22,16,3,1,9620000.0
Chennai,Anna Nagar,Villa,3,3,2239,21,6,8,1,13570000.0
Mumbai,Andheri,Commercial Property,0,1,2850,8,10,8,1,56110000.0
Chennai,Anna Nagar,Villa,3,2,1480,0,12,0,1,9520000.0
Hyderabad,Gachibowli,Independent House,4,3,4386,7,10,2,0,28270000.0
Chennai,OMR,Apartment,4,3,3353,7,11,7,1,17950000.0
Delhi,Connaught Place,Villa,1,2,2552,20,24,5,0,37920000.0
Hyderabad,HITECH City,Villa,2,2,3782,2,2,1,1,21190000.0
Chennai,Anna Nagar,Villa,1,2,2545,3,5,2,1,15450000.0
Chennai,ECR,Apartment,5,4,859,21,22,5,1,5460000.0
Mumbai,Juhu,Apartment,2,3,2249,20,10,0,0,39360000.0
Delhi,Vasant Kunj,Apartment,3,2,4294,18,9,6,0,49640000.0
Chennai,Velachery,Villa,3,3,1715,20,19,7,0,9710000.0
Bangalore,Indiranagar,Independent House,5,6,2777,5,2,9,1,21260000.0
Mumbai,Juhu,Villa,4,5,968,22,5,5,1,18760000.0
Chennai,Velachery,Villa,3,4,700,5,24,1,1,4900000.0
Delhi,Connaught Place,Apartment,1,1,2580,10,16,8,1,38780000.0
Bangalore,Electronic City,Commercial Property,0,1,3210,8,12,2,0,21450000.0
Bangalore,Electronic City,Apartment,4,4,4422,16,16,4,1,31460000.0
Mumbai,Bandra,Villa,3,3,3860,3,4,8,1,106490000.0
Mumbai,Worli,Villa,5,5,4348,1,1,3,1,73440000.0
Delhi,Dwarka,Commercial Property,0,1,2163,23,24,5,0,24560000.0
Delhi,Dwarka,Apartment,2,1,2087,19,10,0,1,23900000.0
Hyderabad,Jubilee Hills,Apartment,4,4,2271,19,10,6,1,19450000.0
Delhi,Vasant Kunj,Villa,4,3,1490,17,14,1,0,17540000.0
Bangalore,Whitefield,Commercial Property,0,1,4167,7,19,9,0,28970000.0
Bangalore,Electronic City,Villa,1,2,1448,8,5,1,0,10090000.0
Bangalore,Indiranagar,Commercial Property,0,1,3384,23,10,3,1,23660000.0
Mumbai,Worli,Independent House,1,1,1998,5,15,9,0,39060000.0
Chennai,ECR,Apartment,4,4,2219,19,21,3,0,14040000.0
Delhi,Rohini,Commercial Property,0,1,3874,18,8,1,1,42330000.0
Chennai,ECR,Villa,2,2,2814,12,1,1,0,16200000.0
Mumbai,Worli,Commercial Property,0,1,2946,5,17,3,1,48710000.0
Delhi,Vasant Kunj,Villa,3,2,4302,10,1,8,0,50950000.0
Bangalore,Indiranagar,Apartment,4,3,2571,12,10,9,1,20080000.0
Hyderabad,Banjara Hills,Independent House,4,4,701,24,21,7,1,5550000.0
Delhi,Connaught Place,Villa,4,5,2003,10,6,0,1,32440000.0
Delhi,Rohini,Independent House,3,3,2052,1,20,7,1,22590000.0
Mumbai,Powai,Commercial Property,0,1,4342,7,5,6,0,84150000.0
Delhi,Saket,Commercial Property,0,1,4129,6,8,6,1,48170000.0
Bangalore,Whitefield,Commercial Property,0,1,2998,16,22,2,0,20620000.0
Bangalore,HSR Layout,Independent House,3,2,1287,9,16,1,1,9750000.0
Delhi,Connaught Place,Independent House,5,6,2157,8,24,8,0,37810000.0
Delhi,Saket,Apartment,1,1,3309,6,16,1,0,38110000.0
Delhi,Rohini,Villa,5,4,1527,19,20,1,0,16620000.0
Delhi,Vasant Kunj,Villa,4,4,3746,2,7,5,0,42240000.0
Chennai,Velachery,Apartment,5,4,3102,3,7,5,1,18830000.0
Mumbai,Powai,Villa,4,3,668,23,3,5,1,12620000.0
Bangalore,HSR Layout,Independent House,2,3,1346,6,12,5,0,9920000.0
Chennai,Anna Nagar,Villa,4,4,1363,9,23,4,1,7920000.0
Chennai,Adyar,Apartment,2,1,1402,4,15,2,1,11770000.0
Chennai,Adyar,Villa,4,4,2901,2,13,9,0,23510000.0
Chennai,Velachery,Commercial Property,0,1,4059,21,3,1,0,21080000.0
Chennai,Velachery,Villa,1,2,1932,1,11,4,0,10310000.0
Mumbai,Andheri,Apartment,1,1,1749,13,4,8,0,28900000.0
Chennai,ECR,Independent House,4,3,2583,20,9,2,1,14600000.0
Hyderabad,Jubilee Hills,Apartment,1,1,621,0,23,6,0,5430000.0
Mumbai,Powai,Commercial Property,0,1,4398,24,17,6,0,73940000.0
Bangalore,Indiranagar,Apartment,1,2,2105,15,13,8,1,13790000.0
Delhi,Vasant Kunj,Independent House,5,4,4074,18,3,2,1,46760000.0
Chennai,OMR,Commercial Property,0,1,2073,3,4,2,1,10760000.0
Chennai,Velachery,Independent House,5,6,2535,3,22,0,0,13840000.0
Mumbai,Bandra,Commercial Property,0,1,4175,20,22,9,0,105130000.0
Chennai,Anna Nagar,Commercial Property,0,1,3440,15,17,6,0,17040000.0
Hyderabad,Jubilee Hills,Apartment,2,2,2234,9,4,8,1,17730000.0
Mumbai,Powai,Villa,2,2,2854,13,24,7,1,53280000.0
Bangalore,Koramangala,Villa,4,5,1540,17,14,0,0,15710000.0
Bangalore,Koramangala,Commercial Property,0,1,603,6,1,3,0,6480000.0
Bangalore,HSR Layout,Apartment,5,6,2864,10,11,3,0,21390000.0
Chennai,Velachery,Villa,4,4,1295,15,3,7,0,8360000.0
Chennai,Velachery,Independent House,1,1,769,24,4,3,0,4040000.0
Chennai,Adyar,Apartment,2,2,3537,11,10,1,1,27560000.0
Hyderabad,Jubilee Hills,Commercial Property,0,1,2961,2,9,1,0,23690000.0
Mumbai,Bandra,Commercial Property,0,1,2185,3,18,6,0,56690000.0
Delhi,Rohini,Apartment,1,1,1791,21,9,3,0,21140000.0
Hyderabad,Jubilee Hills,Villa,1,1,3623,12,13,9,0,32640000.0
Bangalore,Koramangala,Independent House,3,2,2526,3,15,5,0,27400000.0
Bangalore,Koramangala,Commercial Property,0,1,3196,20,13,5,1,31920000.0
Mumbai,Powai,Villa,5,6,2267,4,2,2,0,41870000.0
Hyderabad,HITECH City,Villa,1,1,4495,12,18,9,0,27800000.0
Mumbai,Andheri,Independent House,4,5,1974,8,10,1,0,35540000.0
Mumbai,Andheri,Commercial Property,0,1,3799,24,11,2,0,70650000.0
Bangalore,Whitefield,Villa,4,4,801,5,9,5,0,7210000.0
Delhi,Connaught Place,Commercial Property,0,1,2443,9,7,9,1,35470000.0
Delhi,Dwarka,Apartment,2,1,3134,0,17,3,1,35200000.0
Chennai,ECR,Commercial Property,0,1,3830,18,8,1,1,21570000.0
Hyderabad,Gachibowli,Villa,5,4,1407,8,9,0,0,9170000.0
Delhi,Saket,Villa,1,1,2179,20,12,7,1,26400000.0
Delhi,Rohini,Commercial Property,0,1,3623,14,4,9,0,38210000.0
Mumbai,Worli,Apartment,1,2,3370,4,15,8,1,64320000.0
Hyderabad,Banjara Hills,Commercial Property,0,1,4029,14,14,6,0,25600000.0
Chennai,OMR,Independent House,1,1,557,23,16,0,0,2850000.0
Chennai,Adyar,Apartment,1,2,914,9,6,6,0,7090000.0
Bangalore,Koramangala,Commercial Property,0,1,3108,23,23,6,0,31190000.0
Delhi,Saket,Villa,3,4,2375,24,15,0,0,28580000.0
Mumbai,Worli,Apartment,3,2,4470,15,5,1,0,81860000.0
Bangalore,HSR Layout,Villa,5,6,2111,9,22,0,1,16330000.0
Bangalore,Indiranagar,Independent House,5,4,2448,7,11,1,1,19080000.0
Hyderabad,Kondapur,Independent House,5,4,3563,6,12,3,1,24610000.0
Mumbai,Andheri,Independent House,2,3,1656,15,11,5,0,31160000.0
Bangalore,Koramangala,Commercial Property,0,1,1661,17,12,7,0,17760000.0
Mumbai,Worli,Commercial Property,0,1,3481,1,3,0,0,58420000.0
Bangalore,HSR Layout,Apartment,2,3,4213,20,2,4,0,32500000.0
Bangalore,HSR Layout,Villa,1,1,4454,22,16,8,0,30330000.0
Bangalore,HSR Layout,Apartment,2,3,2306,16,2,2,0,16740000.0
Mumbai,Juhu,Villa,4,5,3714,6,3,9,0,65560000.0
Delhi,Connaught Place,Villa,4,5,2886,18,21,2,1,41700000.0
Bangalore,Electronic City,Independent House,4,5,1212,12,23,2,0,9570000.0
Bangalore,HSR Layout,Commercial Property,0,1,4117,24,16,4,1,27600000.0
Hyderabad,Gachibowli,Independent House,1,1,3258,0,3,3,1,18220000.0
Chennai,Anna Nagar,Commercial Property,0,1,4234,15,20,1,0,23250000.0
Mumbai,Andheri,Villa,1,1,2090,6,12,3,1,37550000.0
Hyderabad,Gachibowli,Apartment,2,3,3756,13,3,8,0,25320000.0
Bangalore,HSR Layout,Commercial Property,0,1,1495,21,22,0,0,9880000.0
Delhi,Vasant Kunj,Commercial Property,0,1,2544,20,4,4,0,25910000.0
Bangalore,HSR Layout,Villa,1,2,1088,14,17,5,1,7290000.0
Mumbai,Juhu,Villa,1,1,3640,6,22,4,1,60490000.0
Mumbai,Juhu,Apartment,1,1,3233,8,24,1,0,54340000.0
Delhi,Vasant Kunj,Commercial Property,0,1,4053,0,13,8,1,47120000.0
Hyderabad,Banjara Hills,Apartment,1,1,3630,24,12,8,0,20680000.0
Delhi,Rohini,Villa,3,4,3028,24,3,3,1,31350000.0
Hyderabad,Jubilee Hills,Commercial Property,0,1,4015,0,16,8,1,31550000.0
Hyderabad,Banjara Hills,Apartment,1,1,3428,4,13,8,0,23040000.0
Mumbai,Worli,Independent House,1,1,3013,24,23,7,1,55960000.0
Mumbai,Andheri,Apartment,2,1,2540,23,13,3,0,48110000.0
Mumbai,Powai,Commercial Property,0,1,3073,19,10,2,1,54280000.0
Mumbai,Bandra,Independent House,4,3,4189,2,3,7,1,107600000.0
Delhi,Vasant Kunj,Commercial Property,0,1,3477,18,7,3,1,40450000.0
Hyderabad,HITECH City,Commercial Property,0,1,4312,0,20,5,1,27320000.0
Hyderabad,Kondapur,Apartment,3,3,3478,5,8,5,1,23420000.0
Mumbai,Juhu,Independent House,1,1,2905,5,22,2,0,50480000.0
Mumbai,Andheri,Commercial Property,0,1,1102,7,13,5,0,20370000.0
Chennai,Velachery,Apartment,4,4,2694,17,24,9,0,16370000.0
Mumbai,Powai,Apartment,3,3,2900,10,23,6,1,52090000.0
Hyderabad,Gachibowli,Independent House,3,2,4230,17,6,1,0,26490000.0
Delhi,Connaught Place,Independent House,3,2,2025,17,17,2,0,31450000.0
Hyderabad,HITECH City,Independent House,4,5,1592,15,6,9,1,9910000.0
Bangalore,Koramangala,Apartment,4,4,1476,12,12,2,1,15490000.0
Hyderabad,Kondapur,Apartment,4,4,3828,12,14,0,1,21520000.0
Mumbai,Powai,Villa,2,3,3927,2,12,6,1,67870000.0
Bangalore,Electronic City,Independent House,2,3,1841,10,15,1,0,12920000.0
Hyderabad,Jubilee Hills,Apartment,1,2,1283,18,13,6,1,10820000.0
Mumbai,Andheri,Villa,2,1,2897,12,14,6,1,55330000.0
Mumbai,Juhu,Commercial Property,0,1,588,1,23,9,1,10260000.0
Bangalore,Whitefield,Apartment,3,2,3323,10,18,0,0,23230000.0
Delhi,Dwarka,Independent House,2,3,1328,14,3,6,0,15210000.0
Delhi,Saket,Commercial Property,0,1,1831,14,1,9,1,19360000.0
Mumbai,Worli,Independent House,5,4,797,8,9,5,1,14560000.0
Delhi,Connaught Place,Villa,3,4,762,7,8,7,1,13110000.0
Bangalore,Koramangala,Villa,4,3,1170,4,20,6,1,13620000.0
Hyderabad,HITECH City,Villa,5,4,1135,14,12,9,0,7440000.0
Mumbai,Andheri,Independent House,1,1,4275,4,7,5,1,79840000.0
Bangalore,HSR Layout,Apartment,1,1,1119,6,19,5,0,7600000.0
Hyderabad,Jubilee Hills,Independent House,3,2,946,1,8,7,0,9110000.0
Chennai,Adyar,Villa,2,3,643,4,16,7,1,5580000.0
Hyderabad,HITECH City,Independent House,2,1,1138,13,21,2,1,7680000.0
Chennai,Velachery,Commercial Property,0,1,3057,8,12,3,0,16990000.0
Bangalore,HSR Layout,Villa,5,6,3140,12,6,9,0,22110000.0
Mumbai,Bandra,Apartment,2,1,3028,20,10,0,0,69820000.0
Hyderabad,Gachibowli,Apartment,1,1,792,9,1,9,0,5560000.0
Delhi,Dwarka,Villa,1,1,3849,15,22,1,1,39360000.0
Chennai,Velachery,Villa,5,4,662,19,12,1,0,4720000.0
Mumbai,Worli,Apartment,3,3,3957,20,4,2,0,71380000.0
Chennai,Velachery,Apartment,3,3,2495,24,23,1,0,14440000.0
Mumbai,Andheri,Independent House,1,1,3761,2,12,9,1,64990000.0
Hyderabad,Jubilee Hills,Villa,3,4,1642,8,12,5,0,14680000.0
Hyderabad,Banjara Hills,Commercial Property,0,1,1085,17,12,2,1,6170000.0
Bangalore,Indiranagar,Apartment,4,3,1621,18,7,6,1,11800000.0
Bangalore,Whitefield,Independent House,4,4,1403,18,19,7,1,10950000.0
Bangalore,HSR Layout,Apartment,2,3,4041,6,1,7,0,26130000.0
Delhi,Vasant Kunj,Independent House,2,3,571,9,1,4,0,6610000.0
Hyderabad,Gachibowli,Commercial Property,0,1,2924,15,9,3,1,17350000.0
Mumbai,Juhu,Villa,3,3,3714,5,24,9,1,67740000.0
Hyderabad,Jubilee Hills,Apartment,3,4,2357,20,14,3,0,18770000.0
Mumbai,Bandra,Independent House,4,4,4117,17,1,8,0,101700000.0
Chennai,OMR,Apartment,4,4,2819,7,23,3,0,16080000.0
Chennai,Velachery,Independent House,3,4,4241,12,17,1,1,25990000.0
Chennai,Velachery,Commercial Property,0,1,4127,11,8,8,1,21320000.0
Hyderabad,Kondapur,Apartment,4,4,3176,17,18,4,0,19990000.0
Chennai,OMR,Villa,4,4,3021,17,20,1,0,16150000.0
Bangalore,Indiranagar,Independent House,2,3,3016,17,4,8,0,20440000.0
Chennai,OMR,Villa,4,3,1243,22,15,0,0,7940000.0
Chennai,ECR,Commercial Property,0,1,3811,21,11,5,1,21340000.0
Hyderabad,Kondapur,Apartment,1,2,2936,4,7,1,0,17440000.0
Hyderabad,Gachibowli,Apartment,4,5,2317,20,2,7,1,15020000.0
Delhi,Vasant Kunj,Commercial Property,0,1,2525,4,14,7,0,29310000.0
Delhi,Vasant Kunj,Independent House,1,1,3159,18,24,3,0,35260000.0
Delhi,Saket,Independent House,2,2,961,9,10,1,1,12080000.0
Bangalore,Whitefield,Villa,1,1,3714,4,13,5,1,24760000.0
Mumbai,Bandra,Villa,5,4,4316,11,13,9,0,112280000.0
Chennai,Anna Nagar,Commercial Property,0,1,4151,15,5,5,1,24120000.0
Mumbai,Bandra,Commercial Property,0,1,4144,17,18,9,0,102190000.0
Chennai,OMR,Independent House,4,5,2432,2,8,2,0,14410000.0
Bangalore,Indiranagar,Independent House,3,2,3465,5,14,9,1,23490000.0
Hyderabad,Gachibowli,Villa,2,1,4304,5,7,8,1,29170000.0
Delhi,Dwarka,Apartment,5,5,1104,8,5,4,0,12400000.0
Mumbai,Worli,Villa,2,2,3263,13,18,2,1,60050000.0
Hyderabad,Kondapur,Villa,2,1,1606,15,7,4,0,9440000.0
Bangalore,Indiranagar,Apartment,2,1,2433,5,6,3,1,16090000.0
Bangalore,Whitefield,Independent House,1,1,1349,14,21,3,0,9550000.0
Hyderabad,HITECH City,Commercial Property,0,1,4253,12,17,4,0,27330000.0
Delhi,Rohini,Villa,3,4,4053,5,11,2,1,45220000.0
Hyderabad,Kondapur,Villa,2,3,1863,19,20,6,0,11970000.0
Delhi,Rohini,Villa,1,1,1552,13,6,3,1,17650000.0
Mumbai,Bandra,Apartment,4,4,3308,3,10,5,0,92020000.0
Mumbai,Powai,Commercial Property,0,1,3953,20,1,5,1,65950000.0
Chennai,Adyar,Villa,2,2,1639,3,4,2,0,12690000.0
Mumbai,Andheri,Villa,4,3,3631,9,18,6,0,69650000.0
Hyderabad,Banjara Hills,Villa,1,1,3646,12,12,0,0,22260000.0
Mumbai,Andheri,Independent House,1,1,2544,22,22,7,1,46630000.0
Delhi,Connaught Place,Villa,1,1,2201,13,11,0,0,30750000.0
Delhi,Vasant Kunj,Commercial Property,0,1,3009,5,7,6,0,32140000.0
Chennai,ECR,Apartment,3,3,3808,12,19,3,1,21980000.0
Mumbai,Worli,Villa,3,2,4296,4,9,2,1,73300000.0
Hyderabad,HITECH City,Independent House,1,2,4389,4,13,8,1,27940000.0
Chennai,Velachery,Independent House,2,3,1832,19,22,7,1,10880000.0
Delhi,Vasant Kunj,Apartment,5,5,3419,21,19,8,0,38330000.0
Hyderabad,Jubilee Hills,Villa,3,3,2722,9,2,5,0,22350000.0
Bangalore,Indiranagar,Commercial Property,0,1,1089,9,13,0,1,7200000.0
Delhi,Vasant Kunj,Commercial Property,0,1,2296,18,5,0,0,25440000.0
Delhi,Vasant Kunj,Villa,1,1,2486,12,12,3,1,26350000.0
Chennai,OMR,Independent House,4,3,858,1,12,4,1,5720000.0
Mumbai,Worli,Commercial Property,0,1,3085,13,11,5,1,50640000.0
Chennai,ECR,Commercial Property,0,1,2832,17,14,1,1,14860000.0
Hyderabad,Jubilee Hills,Commercial Property,0,1,1099,16,24,0,0,9700000.0
Bangalore,Electronic City,Commercial Property,0,1,3009,13,14,5,1,23010000.0
Bangalore,Whitefield,Independent House,5,6,1030,19,2,4,0,8030000.0
Delhi,Rohini,Independent House,1,1,972,9,6,5,0,11140000.0
Bangalore,Electronic City,Apartment,4,3,2198,4,8,7,1,17820000.0
Chennai,Adyar,Villa,4,4,915,10,10,6,1,7570000.0
Mumbai,Worli,Commercial Property,0,1,3930,17,1,1,0,64800000.0
Bangalore,Koramangala,Commercial Property,0,1,1853,18,22,7,0,16570000.0
Hyderabad,Jubilee Hills,Apartment,1,1,4461,20,1,9,0,35180000.0
Hyderabad,Kondapur,Commercial Property,0,1,1672,5,20,7,0,10110000.0
Mumbai,Worli,Commercial Property,0,1,4427,23,15,8,0,80480000.0
Chennai,Adyar,Independent House,1,2,4164,22,18,6,0,31390000.0
Hyderabad,Gachibowli,Villa,2,1,4237,1,19,7,0,27750000.0
Chennai,Anna Nagar,Commercial Property,0,1,3896,2,17,9,0,20070000.0
Delhi,Saket,Independent House,1,2,3460,12,1,1,1,40200000.0
Chennai,Anna Nagar,Villa,4,3,4196,20,23,3,1,22040000.0
Mumbai,Andheri,Apartment,4,3,3684,3,4,5,0,72110000.0
Bangalore,HSR Layout,Independent House,4,3,1469,18,19,5,0,11600000.0
Hyderabad,HITECH City,Apartment,3,2,3547,17,24,7,1,20550000.0
Hyderabad,HITECH City,Commercial Property,0,1,1518,5,11,4,1,8570000.0
Mumbai,Bandra,Commercial Property,0,1,2046,10,10,1,1,53530000.0
Chennai,ECR,Commercial Property,0,1,3682,1,12,7,1,20320000.0
Hyderabad,Jubilee Hills,Apartment,4,5,1044,7,10,4,1,9230000.0
Mumbai,Powai,Apartment,5,5,1124,4,7,0,1,20800000.0
Delhi,Vasant Kunj,Independent House,2,3,1606,4,11,6,0,19950000.0
Hyderabad,Gachibowli,Villa,3,4,1665,3,8,8,1,10660000.0
Delhi,Connaught Place,Villa,4,3,609,23,1,7,1,10010000.0
Mumbai,Juhu,Villa,2,3,1385,3,15,3,1,27220000.0
Hyderabad,Kondapur,Villa,4,3,3993,2,8,6,1,23520000.0
Delhi,Vasant Kunj,Villa,3,3,3611,23,12,4,1,37850000.0
Mumbai,Worli,Apartment,1,1,2313,14,20,3,0,44760000.0
Mumbai,Andheri,Commercial Property,0,1,4382,4,2,0,0,76070000.0
Delhi,Vasant Kunj,Villa,4,5,1846,7,3,0,1,22420000.0
Hyderabad,Kondapur,Commercial Property,0,1,747,15,24,3,0,4670000.0
Chennai,ECR,Apartment,5,4,2726,8,8,2,1,15110000.0
Hyderabad,Banjara Hills,Villa,4,3,2693,7,1,2,0,15920000.0
Hyderabad,Jubilee Hills,Independent House,2,3,2481,15,18,1,1,22460000.0
Mumbai,Bandra,Commercial Property,0,1,1323,21,21,8,1,34090000.0
Delhi,Connaught Place,Apartment,2,1,903,4,18,9,1,15760000.0
Mumbai,Bandra,Independent House,5,6,4380,17,12,7,1,122530000.0
Mumbai,Andheri,Villa,4,3,1608,12,9,8,1,31460000.0
Delhi,Dwarka,Villa,3,3,4483,23,13,4,0,47750000.0
Hyderabad,HITECH City,Commercial Property,0,1,2724,2,13,5,1,17540000.0
Hyderabad,Kondapur,Villa,2,1,3226,19,13,3,0,18370000.0
Delhi,Vasant Kunj,Apartment,4,4,2795,21,6,9,1,33690000.0
Mumbai,Bandra,Villa,4,4,2766,14,1,4,0,66000000.0
Delhi,Connaught Place,Commercial Property,0,1,3480,0,1,7,0,54600000.0
Chennai,ECR,Independent House,4,4,2694,3,4,2,1,16500000.0
Mumbai,Bandra,Apartment,3,2,1116,11,3,3,0,30390000.0
Chennai,Velachery,Commercial Property,0,1,3269,7,9,2,0,16180000.0
Delhi,Rohini,Villa,3,2,2982,24,12,4,0,30980000.0
Mumbai,Juhu,Villa,5,6,1068,22,5,5,1,21300000.0
Chennai,Anna Nagar,Independent House,5,4,2943,12,2,8,0,15860000.0
Bangalore,Indiranagar,Villa,2,3,763,22,12,8,1,5340000.0
Chennai,Adyar,Independent House,2,3,2226,17,22,9,1,17570000.0
Mumbai,Juhu,Villa,5,4,2955,24,5,5,0,57200000.0
Delhi,Dwarka,Independent House,2,2,3080,14,6,4,1,36320000.0
Mumbai,Powai,Commercial Property,0,1,828,2,19,1,0,16250000.0
Delhi,Vasant Kunj,Villa,5,5,2030,1,6,0,0,23100000.0
Mumbai,Juhu,Villa,3,3,516,4,21,8,1,10160000.0
Hyderabad,Gachibowli,Independent House,1,2,4174,23,19,8,1,26850000.0
Delhi,Saket,Independent House,2,1,3922,24,2,9,1,45630000.0
Delhi,Dwarka,Independent House,2,1,1022,20,18,7,1,12760000.0
Chennai,Anna Nagar,Villa,1,1,2367,5,3,4,1,14250000.0
Hyderabad,Kondapur,Apartment,3,4,3385,11,2,3,1,21840000.0
Hyderabad,Banjara Hills,Independent House,1,1,3051,16,17,6,0,17360000.0
Bangalore,Electronic City,Apartment,1,2,2812,23,9,8,0,21560000.0
Mumbai,Bandra,Independent House,2,3,672,6,13,9,1,18550000.0
Delhi,Saket,Apartment,5,5,1260,12,1,7,0,15150000.0
Chennai,OMR,Apartment,1,1,4248,13,11,8,0,22900000.0
Chennai,OMR,Commercial Property,0,1,1437,14,20,8,0,8730000.0
Bangalore,Koramangala,Apartment,3,2,3194,11,20,8,1,35310000.0
Bangalore,Koramangala,Apartment,2,2,4499,3,13,2,0,44610000.0
Bangalore,Indiranagar,Apartment,5,5,1990,15,1,3,1,16090000.0
Delhi,Saket,Independent House,1,2,1446,23,20,2,0,16750000.0
Delhi,Saket,Commercial Property,0,1,3559,1,4,8,1,39230000.0
Chennai,OMR,Apartment,5,5,4223,5,6,8,0,25770000.0
Hyderabad,Banjara Hills,Independent House,3,2,1992,19,17,8,0,13740000.0
Bangalore,Whitefield,Independent House,4,3,4264,17,15,6,1,30070000.0
Hyderabad,HITECH City,Commercial Property,0,1,2862,21,8,6,0,18560000.0
Delhi,Vasant Kunj,Commercial Property,0,1,642,2,23,4,0,6770000.0
Hyderabad,Gachibowli,Villa,4,3,3306,7,6,4,1,22900000.0
Mumbai,Juhu,Independent House,2,2,4269,19,12,3,1,84340000.0
Mumbai,Juhu,Commercial Property,0,1,2376,17,9,3,0,41410000.0
Chennai,OMR,Villa,3,2,1497,8,16,3,1,8450000.0
Chennai,Adyar,Commercial Property,0,1,2513,19,17,3,0,19800000.0
Hyderabad,Jubilee Hills,Villa,5,6,2689,1,18,4,0,22220000.0
Delhi,Rohini,Apartment,2,1,4471,22,22,9,0,45270000.0
Delhi,Dwarka,Commercial Property,0,1,570,2,4,6,1,6840000.0
Chennai,OMR,Independent House,4,4,2081,24,13,3,0,12000000.0
Bangalore,Whitefield,Commercial Property,0,1,2525,21,13,5,1,16610000.0
Chennai,OMR,Apartment,4,5,1863,0,12,2,0,12060000.0
Chennai,Adyar,Villa,1,1,1993,0,15,2,0,16360000.0
Delhi,Saket,Commercial Property,0,1,4027,23,14,1,1,47460000.0
Chennai,Velachery,Commercial Property,0,1,1493,16,21,6,1,8160000.0
Hyderabad,Gachibowli,Independent House,3,2,3581,2,14,5,0,24280000.0
Mumbai,Worli,Villa,2,1,4434,10,24,2,0,84410000.0
Delhi,Vasant Kunj,Commercial Property,0,1,538,12,4,7,1,6130000.0
Chennai,ECR,Villa,4,4,2656,14,22,4,0,16050000.0
Chennai,ECR,Independent House,5,4,3077,4,11,1,0,16720000.0
Hyderabad,Banjara Hills,Villa,3,3,4331,19,8,2,1,27830000.0
Hyderabad,Banjara Hills,Independent House,4,5,1667,12,7,2,0,11720000.0
Chennai,ECR,Commercial Property,0,1,1302,11,23,4,1,7300000.0
Delhi,Vasant Kunj,Independent House,5,4,3370,6,23,0,1,38860000.0
Mumbai,Andheri,Independent House,5,5,3856,20,21,3,0,76610000.0
Bangalore,HSR Layout,Apartment,3,4,940,24,12,2,0,6300000.0
Bangalore,Whitefield,Apartment,2,3,3680,13,3,3,1,26330000.0
Bangalore,Koramangala,Apartment,3,3,645,3,4,1,0,6860000.0
Bangalore,Indiranagar,Independent House,5,4,3830,2,15,4,1,29040000.0
Delhi,Rohini,Apartment,3,4,4051,2,20,1,1,41180000.0
